mp,size,runs,p,MB_fn,readers,t_read,t_read_p95,fn_MBps,wall,agg_MBps
10,5,3,580,21.47083854675293,6.914021275241914,0.09844648838043213,0.13322162628173828,216.11867966740445,9.303,1321.276888108748
10,30,3,570,21.470932483673096,6.846587770356452,0.0984501838684082,0.13808703422546387,219.0120844282307,9.373,1311.409248914508
10,50,3,290,42.94145107269287,7.13792553304149,0.16683077812194824,0.24501919746398926,254.67126476224433,7.414,1657.9226989581446
10,65,3,200,64.4112777709961,7.276442518627066,0.24232208728790283,0.3654601573944092,259.0594124109594,7.039,1746.247888915426
10,70,3,190,64.41203546524048,7.420727894266774,0.24187421798706055,0.37789106369018555,267.8023337478591,6.908,1779.362896652531
10,90,3,150,85.88172149658203,7.3617259711891,0.31465256214141846,0.5051298141479492,261.86331351965595,6.869,1789.4655539490004
10,110,3,120,107.35195064544678,7.82658005721818,0.4228980541229248,0.6080923080444336,245.85055086484027,6.742,1823.173967676607
10,130,3,100,128.82242393493652,8.081678659964687,0.503319501876831,0.6582179069519043,248.32141548528068,6.642,1850.623139126119
10,155,3,90,150.2921690940857,7.83049464860862,0.5275493860244751,0.7522718906402588,268.236212511493,6.414,1916.4076847639046
10,175,3,80,171.7628688812256,7.891335071486735,0.6137019395828247,0.9073545932769775,258.8247262411859,6.497,1891.925333242371
10,195,3,70,193.23363876342773,8.417947441025895,0.7804687023162842,1.0174715518951416,228.56711636968316,6.881,1786.3448466902605
20,5,3,580,21.47083854675293,14.011242765209786,0.16124534606933594,0.2396831512451172,132.6740537175444,7.054,1742.5345747201138
20,30,3,570,21.470932483673096,13.834379492674401,0.15413320064544678,0.22448134422302246,139.65078304556764,6.83,1799.6835856626183
20,50,3,290,42.94145107269287,15.179333398572517,0.3108344078063965,0.45690107345581055,137.2000053936385,6.333,1940.9188204761856
20,65,3,200,64.4112777709961,15.357052924921106,0.460210919380188,0.6862993240356445,138.52446259776977,6.365,1931.1608625413485
20,70,3,190,64.41203546524048,15.669837060211973,0.4736419916152954,0.7078695297241211,135.99594410785636,6.245,1968.268837482095
20,90,3,150,85.88172149658203,15.671964343997447,0.6047061681747437,0.9715676307678223,139.79376720603852,6.45,1905.7114558256874
20,110,3,120,107.35195064544678,17.022080811105347,0.8409953117370605,1.0687763690948486,124.6245742591442,6.266,1961.6723412185897
20,130,3,100,128.82242393493652,17.081533050679074,1.006837248802185,1.3395435810089111,126.81067744210011,6.189,1986.0783470796064
20,155,3,90,150.2921690940857,18.138936069967425,1.3036137819290161,2.012542247772217,88.38360230201313,7.454,1649.0258773914252
20,175,3,80,171.7628688812256,17.315985213672732,1.2952936887741089,1.7642126083374023,126.15115927596932,6.347,1936.6376067552676
20,195,3,70,193.23363876342773,18.614802815255647,1.6246473789215088,1.8431506156921387,116.77872858811713,6.397,1921.5005299477384
30,5,3,580,21.47083854675293,22.888454907312134,0.240575909614563,0.3686981201171875,87.70776445604365,6.555,1875.1851853662372
30,30,3,570,21.470932483673096,24.66610319360703,0.32560646533966064,0.4525625705718994,66.21546382300465,7.272,1690.2968770731138
30,50,3,290,42.94145107269287,24.25461631149583,0.5059783458709717,0.7584350109100342,83.70274738021084,6.456,1903.940348524734
30,65,3,200,64.4112777709961,24.881286838391105,0.7471634149551392,1.0910847187042236,80.5746776383996,6.734,1825.3399005161396
30,70,3,190,64.41203546524048,25.46172721083815,0.8970810174942017,1.4968924522399902,71.79996135118517,7.03,1748.483483652302
30,90,3,150,85.88172149658203,25.399734710460926,1.1410232782363892,1.431966781616211,73.16679581659156,7.203,1706.4888088401615
30,110,3,120,107.35195064544678,26.861872173831692,1.5620685815811157,1.8253180980682373,65.49975290217502,7.061,1740.8070939067672
30,130,3,100,128.82242393493652,26.89272706052931,1.8029247522354126,2.179750442504883,68.88671023633381,6.804,1806.5606834326402
30,155,3,90,150.2921690940857,27.42838429279614,1.9132920503616333,2.460798501968384,69.60096156718552,6.928,1774.2261677360975
30,175,3,80,171.7628688812256,27.63499741330908,2.2703877687454224,2.7309534549713135,68.89894291460143,6.681,1839.8202200382702
30,195,3,70,193.23363876342773,28.0219964258952,2.837704062461853,3.1694440841674805,66.42768596929804,7.019,1751.2236629257277
50,5,3,580,21.47083854675293,42.674384793348864,0.5268591642379761,0.7357256412506104,39.744216348050855,7.05,1743.523246819246
50,30,3,570,21.470932483673096,36.78306894297903,0.41141271591186523,0.5613069534301758,52.52169911088221,6.789,1810.5522006297958
50,50,3,290,42.94145107269287,31.680283086858367,0.7567145824432373,1.0374817848205566,56.11285088458307,7.078,1736.6260087702294
50,65,3,200,64.4112777709961,42.66776050477715,1.6169220209121704,2.5204317569732666,38.367972336600296,8.009,1534.753263837643
50,70,3,190,64.41203546524048,43.13182348419913,1.6996865272521973,2.7036030292510986,38.05040725763605,8.108,1516.0136766250225
50,90,3,150,85.88172149658203,43.931802080200114,2.1434943675994873,3.7162299156188965,36.812870397319756,8.193,1500.2854741945177
50,110,3,120,107.35195064544678,46.44912728046914,3.058150291442871,3.9620492458343506,34.50106309656239,8.269,1486.496419165036
50,130,3,100,128.82242393493652,47.237421037280825,3.5800899267196655,5.0823633670806885,34.25022835675604,8.511,1444.2296898220754
50,155,3,90,150.2921690940857,42.48405142074903,3.5167077779769897,4.556102275848389,41.007687687880605,8.436,1457.0695697102517
50,175,3,80,171.7628688812256,47.052889434889615,4.895868539810181,7.069740056991577,31.331286832669594,8.495,1446.9498399147362
50,195,3,70,193.23363876342773,34.99508397561432,3.881272315979004,4.5121824741363525,46.21406331321885,8.296,1481.6584968750826
70,5,3,580,21.47083854675293,58.546200521299994,0.6577690839767456,0.9075052738189697,32.14244214147165,7.132,1723.4771298479648
70,30,3,570,21.470932483673096,58.77827141610817,0.6357338428497314,0.9223935604095459,33.772020577259696,6.97,1763.5349914025371
70,50,11,290,42.94145107269287,58.54682686087757,1.403140902519226,2.0849151611328125,30.23427374292941,7.761,1583.7957595768178
70,65,3,200,64.4112777709961,59.17764655625419,2.044438123703003,3.6367032527923584,30.062555477887113,8.013,1533.9871321696846
70,70,3,190,64.41203546524048,60.94758310770265,2.1485291719436646,4.026719570159912,29.978851746379796,8.636,1423.3254851870872
70,90,3,150,85.88172149658203,61.31741757593977,3.0481263399124146,5.13517427444458,27.124231627514163,9.948,1235.6090560992845
70,110,3,120,107.35195064544678,65.46890271464213,4.0245479345321655,7.161713123321533,26.46719232827671,9.082,1353.4286379735393
70,130,3,100,128.82242393493652,65.93658830891043,5.094695806503296,7.9261155128479,24.870437529718224,10.831,1134.8757169306327
70,155,3,90,150.2921690940857,66.5302608401465,6.092576742172241,8.21181845664978,23.376360173335314,10.862,1131.6367970977428
70,175,3,80,171.7628688812256,66.14663513943981,6.830264925956726,9.26878833770752,23.862525965216115,18.58,661.5629111989066
70,195,3,70,193.23363876342773,65.7147495416352,7.930022239685059,10.1762113571167,23.935870780685732,15.476,794.2516729177877
100,5,3,580,21.47083854675293,58.68336639416096,0.6575920581817627,0.9092183113098145,31.951047324709187,6.967,1764.2943720504786
100,30,3,570,21.470932483673096,58.40694290800271,0.6860277652740479,0.9411904811859131,31.39479221182618,7.03,1748.483483652302
100,50,3,290,42.94145107269287,37.98119984165227,0.8790141344070435,1.15354323387146,48.30005356720022,7.053,1742.7816376117516
100,65,3,200,64.4112777709961,60.40556842828855,2.1737810373306274,3.8762173652648926,28.33759816323927,8.442,1456.0339836621279
100,70,3,190,64.41203546524048,59.63190703387727,2.14297091960907,3.956921100616455,30.19767507227736,8.923,1377.545544108
100,90,3,150,85.88172149658203,32.01827266022734,1.5524976253509521,2.3845417499542236,53.32865700503651,8.203,1498.456526889636
100,110,3,120,107.35195064544678,65.6545025960408,4.006519913673401,6.753317594528198,25.105771820348266,12.231,1004.974155022131
100,130,3,100,128.82242393493652,42.60931072603259,2.9920380115509033,4.058761119842529,41.25049560914528,7.688,1598.834402975505
100,155,3,90,150.2921690940857,66.11656441473359,5.760896801948547,8.078195810317993,24.47286702369535,11.402,1078.0423513485077
100,175,3,80,171.7628688812256,43.04085022680733,3.9520928859710693,6.559591770172119,41.402004215582984,8.533,1440.5061397018264
100,195,3,70,193.23363876342773,65.93871559976822,7.7140045166015625,9.399532794952393,24.35601054774937,13.184,932.3300129001581
