query,run,bf,applier,R_model,R_meas,sigma_semi,phi_meas,phi_model,err_phi_%,err_D_out_%
q2,1,step1-region--mergebf,step2-nation,4,4,0.2,0.6,0.20000000007180357,-66.6666666546994,-74.85570889937928
q2,1,step3-join-region-nation--mergebf,step4-supplier,13,13,0.2004329316237442,0.1998879988799888,0.20043448196432959,0.273394644702458,0.6523913805908838
q2,1,step5-part--mergebf,step6-partsupp,23,23,0.003990300498787562,0.00447905055988132,0.0044738866787288585,-0.11528963746724159,-7.083593114198412
q2,2,step1-region--mergebf,step2-nation,4,4,0.2,0.6,0.20000000007180357,-66.6666666546994,-74.85570889937928
q2,2,step3-join-region-nation--mergebf,step4-supplier,13,13,0.2004329316237442,0.1998879988799888,0.20043448196432959,0.273394644702458,0.6523913805908838
q2,2,step5-part--mergebf,step6-partsupp,23,23,0.003990300498787562,0.00447905055988132,0.0044738866787288585,-0.11528963746724159,-7.083593114198412
q2,3,step1-region--mergebf,step2-nation,4,4,0.2,0.6,0.20000000007180357,-66.6666666546994,-74.85570889937928
q2,3,step3-join-region-nation--mergebf,step4-supplier,13,13,0.2004329316237442,0.1998879988799888,0.20043448196432959,0.273394644702458,0.6523913805908838
q2,3,step5-part--mergebf,step6-partsupp,23,23,0.003990300498787562,0.00447905055988132,0.0044738866787288585,-0.11528963746724159,-7.083593114198412
q2,4,step1-region--mergebf,step2-nation,4,4,0.2,0.2,0.20000000007180357,3.590178154766477e-08,-68.49056602642341
q2,4,step3-join-region-nation--mergebf,step4-supplier,13,13,0.19895904661988553,0.2001230012300123,0.19896059981829714,-0.5808434835429825,-0.14293553609298879
q2,4,step5-part--mergebf,step6-partsupp,23,23,0.003979550497443812,0.00444890055611257,0.00445385173890407,0.11129003062784967,-6.9100059224802735
q2,5,step1-region--mergebf,step2-nation,4,4,0.2,0.2,0.20000000007180357,3.590178154766477e-08,-68.49056602642341
q2,5,step3-join-region-nation--mergebf,step4-supplier,13,13,0.19895904661988553,0.2001230012300123,0.19896059981829714,-0.5808434835429825,-0.14293553609298879
q2,5,step5-part--mergebf,step6-partsupp,23,23,0.003979550497443812,0.00444890055611257,0.00445385173890407,0.11129003062784967,-6.9100059224802735
q2,6,step1-region--mergebf,step2-nation,4,4,0.2,0.2,0.20000000007180357,3.590178154766477e-08,-68.49056602642341
q2,6,step3-join-region-nation--mergebf,step4-supplier,13,13,0.19895904661988553,0.2001230012300123,0.19896059981829714,-0.5808434835429825,-0.14293553609298879
q2,6,step5-part--mergebf,step6-partsupp,23,23,0.003979550497443812,0.00444890055611257,0.00445385173890407,0.11129003062784967,-6.9100059224802735
q2,7,step1-region--mergebf,step2-nation,4,4,0.2,0.4,0.20000000007180357,-49.99999998204911,-72.88227333261878
q2,7,step3-join-region-nation--mergebf,step4-supplier,13,13,0.20187349094645965,0.2005340053400534,0.20187503849383645,0.6687310471403682,1.1674117484035538
q2,7,step5-part--mergebf,step6-partsupp,23,23,0.004001900500237562,0.00450020056252507,0.004495670869052946,-0.10065536878166088,-7.056723469675809
q2,8,step1-region--mergebf,step2-nation,4,4,0.2,0.4,0.20000000007180357,-49.99999998204911,-72.88227333261878
q2,8,step3-join-region-nation--mergebf,step4-supplier,13,13,0.20187349094645965,0.2005340053400534,0.20187503849383645,0.6687310471403682,1.1674117484035538
q2,8,step5-part--mergebf,step6-partsupp,23,23,0.004001900500237562,0.00450020056252507,0.004495670869052946,-0.10065536878166088,-7.056723469675809
q2,9,step1-region--mergebf,step2-nation,4,4,0.2,0.4,0.20000000007180357,-49.99999998204911,-72.88227333261878
q2,9,step3-join-region-nation--mergebf,step4-supplier,13,13,0.20187349094645965,0.2005340053400534,0.20187503849383645,0.6687310471403682,1.1674117484035538
q2,9,step5-part--mergebf,step6-partsupp,23,23,0.004001900500237562,0.00450020056252507,0.004495670869052946,-0.10065536878166088,-7.056723469675809
q2,10,step1-region--mergebf,step2-nation,4,4,0.2,0.2,0.20000000007180357,3.590178154766477e-08,-67.9872204357912
q2,10,step3-join-region-nation--mergebf,step4-supplier,13,13,0.19823777526944591,0.1996979969799698,0.19823932986638465,-0.7304365269780078,-0.41751636682746146
q2,10,step5-part--mergebf,step6-partsupp,23,23,0.003997800499725063,0.00449365056170632,0.004487951573665927,-0.12682312436482773,-7.093277544030068
q2,11,step1-region--mergebf,step2-nation,4,4,0.2,0.2,0.20000000007180357,3.590178154766477e-08,-67.9872204357912
q2,11,step3-join-region-nation--mergebf,step4-supplier,13,13,0.19823777526944591,0.1996979969799698,0.19823932986638465,-0.7304365269780078,-0.41751636682746146
q2,11,step5-part--mergebf,step6-partsupp,23,23,0.003997800499725063,0.00449365056170632,0.004487951573665927,-0.12682312436482773,-7.093277544030068
q2,12,step1-region--mergebf,step2-nation,4,4,0.2,0.2,0.20000000007180357,3.590178154766477e-08,-67.9872204357912
q2,12,step3-join-region-nation--mergebf,step4-supplier,13,13,0.19823777526944591,0.1996979969799698,0.19823932986638465,-0.7304365269780078,-0.41751636682746146
q2,12,step5-part--mergebf,step6-partsupp,23,23,0.003997800499725063,0.00449365056170632,0.004487951573665927,-0.12682312436482773,-7.093277544030068
q2,13,step1-region--mergebf,step2-nation,4,4,0.2,0.4,0.20000000007180357,-49.99999998204911,-72.88227333261878
q2,13,step3-join-region-nation--mergebf,step4-supplier,13,13,0.20028840078324897,0.2005340053400534,0.20028995140407604,-0.12170202034487539,0.37306312827058125
q2,13,step5-part--mergebf,step6-partsupp,23,23,0.003996200499525062,0.00448300056037507,0.00448494502414441,0.04337415851621797,-6.944298517351549
q2,14,step1-region--mergebf,step2-nation,4,4,0.2,0.4,0.20000000007180357,-49.99999998204911,-72.88227333261878
q2,14,step3-join-region-nation--mergebf,step4-supplier,13,13,0.20028840078324897,0.2005340053400534,0.20028995140407604,-0.12170202034487539,0.37306312827058125
q2,14,step5-part--mergebf,step6-partsupp,23,23,0.003996200499525062,0.00448300056037507,0.00448494502414441,0.04337415851621797,-6.944298517351549
q2,15,step1-region--mergebf,step2-nation,4,4,0.2,0.4,0.20000000007180357,-49.99999998204911,-72.88227333261878
q2,15,step3-join-region-nation--mergebf,step4-supplier,13,13,0.20028840078324897,0.2005340053400534,0.20028995140407604,-0.12170202034487539,0.37306312827058125
q2,15,step5-part--mergebf,step6-partsupp,23,23,0.003996200499525062,0.00448300056037507,0.00448494502414441,0.04337415851621797,-6.944298517351549
q3,1,Step1-customer--mergebf,Step2-orders,43,43,0.20014450587966476,0.20052508329864718,0.2005236995557071,-0.0006900597757294938,-1.2712998191133333
q3,1,Step3-join-customer-orders--mergebf,Step4-lineitem,107,107,0.00924317435262339,0.15529431076597655,0.15520631521911066,-0.056663728652944466,-1.0584908069719772
q3,2,Step1-customer--mergebf,Step2-orders,43,43,0.20014450587966476,0.20052508329864718,0.2005236995557071,-0.0006900597757294938,-1.2713153916304187
q3,2,Step3-join-customer-orders--mergebf,Step4-lineitem,105,105,0.00924317435262339,0.15529431076597655,0.15520631521911066,-0.056663728652944466,-1.058586325200191
q3,3,Step1-customer--mergebf,Step2-orders,43,43,0.20014450587966476,0.20052508329864718,0.2005236995557071,-0.0006900597757294938,-1.2712998191133333
q3,3,Step3-join-customer-orders--mergebf,Step4-lineitem,107,107,0.00924317435262339,0.15529431076597655,0.15520631521911066,-0.056663728652944466,-1.0585446858140506
q3,4,Step1-customer--mergebf,Step2-orders,43,43,0.19999973934743467,0.20038379981084387,0.2003777576496216,-0.003015294264293336,-1.2852979217095413
q3,4,Step3-join-customer-orders--mergebf,Step4-lineitem,105,105,0.009175354831037007,0.15023062771569617,0.15018720364765462,-0.028904936830681807,-1.0641726101245645
q3,5,Step1-customer--mergebf,Step2-orders,43,43,0.19999973934743467,0.20038379981084387,0.2003777576496216,-0.003015294264293336,-1.2852979217095413
q3,5,Step3-join-customer-orders--mergebf,Step4-lineitem,105,105,0.009175354831037007,0.15023062771569617,0.15018720364765462,-0.028904936830681807,-1.0641560400395471
q3,6,Step1-customer--mergebf,Step2-orders,43,43,0.19999973934743467,0.20038379981084387,0.2003777576496216,-0.003015294264293336,-1.2852979217095413
q3,6,Step3-join-customer-orders--mergebf,Step4-lineitem,105,105,0.009175354831037007,0.15023062771569617,0.15018720364765462,-0.028904936830681807,-1.0641071645494982
q3,7,Step1-customer--mergebf,Step2-orders,43,43,0.20000731797278046,0.2004006964574884,0.20038996282357802,-0.005356086131496234,-1.2667852406974531
q3,7,Step3-join-customer-orders--mergebf,Step4-lineitem,105,105,0.009312935083907735,0.16001233782357496,0.15999801484682702,-0.008951170230220427,-0.9813549702857527
q3,8,Step1-customer--mergebf,Step2-orders,43,43,0.20000731797278046,0.2004006964574884,0.20038996282357802,-0.005356086131496234,-1.266786858217886
q3,8,Step3-join-customer-orders--mergebf,Step4-lineitem,105,105,0.009312935083907735,0.16001233782357496,0.15999801484682702,-0.008951170230220427,-0.981349154555298
q3,9,Step1-customer--mergebf,Step2-orders,43,43,0.20000731797278046,0.2004006964574884,0.20038996282357802,-0.005356086131496234,-1.2667851162728114
q3,9,Step3-join-customer-orders--mergebf,Step4-lineitem,107,107,0.009312935083907735,0.16001233782357496,0.15999801484682702,-0.008951170230220427,-0.9813472442788634
q3,10,Step1-customer--mergebf,Step2-orders,43,43,0.20000179381716476,0.20038539159198063,0.20037981114856807,-0.0027848554069871754,-1.2591302972332865
q3,10,Step3-join-customer-orders--mergebf,Step4-lineitem,105,105,0.009356226974486636,0.1628435390956798,0.16282833865408178,-0.009334384208573233,-0.9659586623938492
q3,11,Step1-customer--mergebf,Step2-orders,43,43,0.20000179381716476,0.20038539159198063,0.20037981114856807,-0.0027848554069871754,-1.259149116165557
q3,11,Step3-join-customer-orders--mergebf,Step4-lineitem,105,105,0.009356226974486636,0.1628435390956798,0.16282833865408178,-0.009334384208573233,-0.966004260388882
q3,12,Step1-customer--mergebf,Step2-orders,43,43,0.20000179381716476,0.20038539159198063,0.20037981114856807,-0.0027848554069871754,-1.2591296781894568
q3,12,Step3-join-customer-orders--mergebf,Step4-lineitem,107,107,0.009356226974486636,0.1628435390956798,0.16282833865408178,-0.009334384208573233,-0.9659486811676341
q3,13,Step1-customer--mergebf,Step2-orders,43,43,0.2000067857037557,0.200399869679479,0.20038943080914312,-0.0052090205211132124,-1.2711188100700095
q3,13,Step3-join-customer-orders--mergebf,Step4-lineitem,105,105,0.009275885074649201,0.1576518597510249,0.15763985968897826,-0.0076117478509807645,-0.9941385362850981
q3,14,Step1-customer--mergebf,Step2-orders,43,43,0.2000067857037557,0.200399869679479,0.20038943080914312,-0.0052090205211132124,-1.2711614161978044
q3,14,Step3-join-customer-orders--mergebf,Step4-lineitem,107,107,0.009275885074649201,0.1576518597510249,0.15763985968897826,-0.0076117478509807645,-0.9941452168627049
q3,15,Step1-customer--mergebf,Step2-orders,43,43,0.2000067857037557,0.200399869679479,0.20038943080914312,-0.0052090205211132124,-1.2711705371577184
q3,15,Step3-join-customer-orders--mergebf,Step4-lineitem,105,105,0.009275885074649201,0.1576518597510249,0.15763985968897826,-0.0076117478509807645,-0.9940828507109601
q4,1,step1-orders--mergebf,step2-lineitem,33,33,0.03699883422230568,0.03736270581400573,0.03736102154632547,-0.004507884650108495,-12.675937064978973
q4,2,step1-orders--mergebf,step2-lineitem,33,33,0.03699883422230568,0.03736270581400573,0.03736102154632547,-0.004507884650108495,-12.674085139733299
q4,3,step1-orders--mergebf,step2-lineitem,33,33,0.03699883422230568,0.03736270581400573,0.03736102154632547,-0.004507884650108495,-12.67565644017795
q4,4,step1-orders--mergebf,step2-lineitem,33,33,0.0382361357671576,0.03869745660591354,0.03869466646640128,-0.007210136678161047,-12.503184654169718
q4,5,step1-orders--mergebf,step2-lineitem,33,33,0.0382361357671576,0.03869745660591354,0.03869466646640128,-0.007210136678161047,-12.503273915341895
q4,6,step1-orders--mergebf,step2-lineitem,33,33,0.0382361357671576,0.03869745660591354,0.03869466646640128,-0.007210136678161047,-12.503029436868562
q4,7,step1-orders--mergebf,step2-lineitem,33,33,0.03781291784572634,0.038233845666230816,0.03823652904608125,0.007018336250706388,-12.54437646231381
q4,8,step1-orders--mergebf,step2-lineitem,33,33,0.03781291784572634,0.038233845666230816,0.03823652904608125,0.007018336250706388,-12.544433598475038
q4,9,step1-orders--mergebf,step2-lineitem,33,33,0.03781291784572634,0.038233845666230816,0.03823652904608125,0.007018336250706388,-12.544640594274675
q4,10,step1-orders--mergebf,step2-lineitem,33,33,0.03825608509078647,0.03871957243772076,0.03871619512092371,-0.008722505400815131,-12.50300375810059
q4,11,step1-orders--mergebf,step2-lineitem,33,33,0.03825608509078647,0.03871957243772076,0.03871619512092371,-0.008722505400815131,-12.502265409478412
q4,12,step1-orders--mergebf,step2-lineitem,33,33,0.03825608509078647,0.03871957243772076,0.03871619512092371,-0.008722505400815131,-12.503231220483087
q4,13,step1-orders--mergebf,step2-lineitem,33,33,0.037823306906756095,0.03824677928384589,0.038247190768655945,0.0010758678711171488,-12.550371647698896
q4,14,step1-orders--mergebf,step2-lineitem,33,33,0.037823306906756095,0.03824677928384589,0.038247190768655945,0.0010758678711171488,-12.549641622768046
q4,15,step1-orders--mergebf,step2-lineitem,33,33,0.037823306906756095,0.03824677928384589,0.038247190768655945,0.0010758678711171488,-12.549267630173386
q5,1,step1-region--mergebf,step2-nation,4,4,0.2,0.2,0.20000000007180357,3.590178154766477e-08,-69.16923075816199
q5,1,step3-join-region-nation--mergebf,step4-supplier,23,23,0.19970434878604776,0.1997569975699757,0.19970590053933707,-0.025579594837838393,4.79579517907388
q5,1,step3-join-region-nation--mergebf,step5-customer,23,23,0.19970434878604776,0.20012706675137784,0.19970590053933707,-0.21044940041218826,5.052714880999902
q5,2,step1-region--mergebf,step2-nation,4,4,0.2,0.2,0.20000000007180357,3.590178154766477e-08,-69.16923075816199
q5,2,step3-join-region-nation--mergebf,step4-supplier,23,23,0.19970434878604776,0.1997569975699757,0.19970590053933707,-0.025579594837838393,4.79579517907388
q5,2,step3-join-region-nation--mergebf,step5-customer,23,23,0.19970434878604776,0.20012706675137784,0.19970590053933707,-0.21044940041218826,5.052714880999902
q5,3,step1-region--mergebf,step2-nation,4,4,0.2,0.2,0.20000000007180357,3.590178154766477e-08,-69.16923075816199
q5,3,step3-join-region-nation--mergebf,step4-supplier,23,23,0.19970434878604776,0.1997569975699757,0.19970590053933707,-0.025579594837838393,4.79579517907388
q5,3,step3-join-region-nation--mergebf,step5-customer,23,23,0.19970434878604776,0.20012706675137784,0.19970590053933707,-0.21044940041218826,5.052714880999902
q5,4,step1-region--mergebf,step2-nation,4,4,0.2,0.2,0.20000000007180357,3.590178154766477e-08,-69.16923075816199
q5,4,step3-join-region-nation--mergebf,step4-supplier,23,23,0.20001467260250086,0.1997569975699757,0.20001622375408004,0.1297707651085095,4.9586374784936345
q5,4,step3-join-region-nation--mergebf,step5-customer,23,23,0.20001467260250086,0.20012706675137784,0.20001622375408004,-0.05538630985657848,5.215956408222219
q5,5,step1-region--mergebf,step2-nation,4,4,0.2,0.2,0.20000000007180357,3.590178154766477e-08,-69.16923075816199
q5,5,step3-join-region-nation--mergebf,step4-supplier,23,23,0.20001467260250086,0.1997569975699757,0.20001622375408004,0.1297707651085095,4.9586374784936345
q5,5,step3-join-region-nation--mergebf,step5-customer,23,23,0.20001467260250086,0.20012706675137784,0.20001622375408004,-0.05538630985657848,5.215956408222219
q5,6,step1-region--mergebf,step2-nation,4,4,0.2,0.2,0.20000000007180357,3.590178154766477e-08,-69.16923075816199
q5,6,step3-join-region-nation--mergebf,step4-supplier,23,23,0.20001467260250086,0.1997569975699757,0.20001622375408004,0.1297707651085095,4.9586374784936345
q5,6,step3-join-region-nation--mergebf,step5-customer,23,23,0.20001467260250086,0.20012706675137784,0.20001622375408004,-0.05538630985657848,5.215956408222219
q5,7,step1-region--mergebf,step2-nation,4,4,0.2,0.2,0.20000000007180357,3.590178154766477e-08,-67.41463413464274
q5,7,step3-join-region-nation--mergebf,step4-supplier,23,23,0.19969571765408412,0.1998879988799888,0.19969726942410898,-0.0954181626453318,4.698636759268968
q5,7,step3-join-region-nation--mergebf,step5-customer,23,23,0.19969571765408412,0.1999839333226222,0.19969726942410898,-0.1433434645226078,5.1216579523652666
q5,8,step1-region--mergebf,step2-nation,4,4,0.2,0.2,0.20000000007180357,3.590178154766477e-08,-67.41463413464274
q5,8,step3-join-region-nation--mergebf,step4-supplier,23,23,0.19969571765408412,0.1998879988799888,0.19969726942410898,-0.0954181626453318,4.698636759268968
q5,8,step3-join-region-nation--mergebf,step5-customer,23,23,0.19969571765408412,0.1999839333226222,0.19969726942410898,-0.1433434645226078,5.1216579523652666
q5,9,step1-region--mergebf,step2-nation,4,4,0.2,0.2,0.20000000007180357,3.590178154766477e-08,-67.41463413464274
q5,9,step3-join-region-nation--mergebf,step4-supplier,23,23,0.19969571765408412,0.1998879988799888,0.19969726942410898,-0.0954181626453318,4.698636759268968
q5,9,step3-join-region-nation--mergebf,step5-customer,23,23,0.19969571765408412,0.1999839333226222,0.19969726942410898,-0.1433434645226078,5.1216579523652666
q5,10,step1-region--mergebf,step2-nation,4,4,0.2,0.4,0.20000000007180357,-49.99999998204911,-72.88227333261878
q5,10,step3-join-region-nation--mergebf,step4-supplier,23,23,0.20038260533185778,0.2005340053400534,0.20038415577002458,-0.07472526655751158,4.736505121588665
q5,10,step3-join-region-nation--mergebf,step5-customer,23,23,0.20038260533185778,0.1999065999377333,0.20038415577002458,0.2388894776060574,5.524204894409889
q5,11,step1-region--mergebf,step2-nation,4,4,0.2,0.4,0.20000000007180357,-49.99999998204911,-72.88227333261878
q5,11,step3-join-region-nation--mergebf,step4-supplier,23,23,0.20038260533185778,0.2005340053400534,0.20038415577002458,-0.07472526655751158,4.736505121588665
q5,11,step3-join-region-nation--mergebf,step5-customer,23,23,0.20038260533185778,0.1999065999377333,0.20038415577002458,0.2388894776060574,5.524204894409889
q5,12,step1-region--mergebf,step2-nation,4,4,0.2,0.4,0.20000000007180357,-49.99999998204911,-72.88227333261878
q5,12,step3-join-region-nation--mergebf,step4-supplier,23,23,0.20038260533185778,0.2005340053400534,0.20038415577002458,-0.07472526655751158,4.736505121588665
q5,12,step3-join-region-nation--mergebf,step5-customer,23,23,0.20038260533185778,0.1999065999377333,0.20038415577002458,0.2388894776060574,5.524204894409889
q5,13,step1-region--mergebf,step2-nation,4,4,0.2,0.2,0.20000000007180357,3.590178154766477e-08,-67.9872204357912
q5,13,step3-join-region-nation--mergebf,step4-supplier,23,23,0.2000330637248373,0.1996979969799698,0.20003461484075655,0.16856346376900433,4.9912132772775415
q5,13,step3-join-region-nation--mergebf,step5-customer,23,23,0.2000330637248373,0.20010093340062227,0.20003461484075655,-0.03314255397946722,5.23824192017279
q5,14,step1-region--mergebf,step2-nation,4,4,0.2,0.2,0.20000000007180357,3.590178154766477e-08,-67.9872204357912
q5,14,step3-join-region-nation--mergebf,step4-supplier,23,23,0.2000330637248373,0.1996979969799698,0.20003461484075655,0.16856346376900433,4.9912132772775415
q5,14,step3-join-region-nation--mergebf,step5-customer,23,23,0.2000330637248373,0.20010093340062227,0.20003461484075655,-0.03314255397946722,5.23824192017279
q5,15,step1-region--mergebf,step2-nation,4,4,0.2,0.2,0.20000000007180357,3.590178154766477e-08,-67.9872204357912
q5,15,step3-join-region-nation--mergebf,step4-supplier,23,23,0.2000330637248373,0.1996979969799698,0.20003461484075655,0.16856346376900433,4.9912132772775415
q5,15,step3-join-region-nation--mergebf,step5-customer,23,23,0.2000330637248373,0.20010093340062227,0.20003461484075655,-0.03314255397946722,5.23824192017279
q7,1,step1-nation--mergebf,step2-supplier,23,23,0.08026969707978905,0.08026880268802689,0.08026974797878231,0.0011776564789385314,6.245540900914135
q7,1,step1-nation--mergebf,step3-customer,23,23,0.08026969707978905,0.07995325330216886,0.08026974797878231,0.39584965406887435,8.03442318390515
q7,2,step1-nation--mergebf,step2-supplier,23,23,0.08026969707978905,0.08026880268802689,0.08026974797878231,0.0011776564789385314,6.245540900914135
q7,2,step1-nation--mergebf,step3-customer,23,23,0.08026969707978905,0.07995325330216886,0.08026974797878231,0.39584965406887435,8.03442318390515
q7,3,step1-nation--mergebf,step2-supplier,23,23,0.08026969707978905,0.08026880268802689,0.08026974797878231,0.0011776564789385314,6.245540900914135
q7,3,step1-nation--mergebf,step3-customer,23,23,0.08026969707978905,0.07995325330216886,0.08026974797878231,0.39584965406887435,8.03442318390515
q7,4,step1-nation--mergebf,step2-supplier,23,23,0.08014545078101361,0.08012280122801228,0.08014550168688281,0.028332083405227904,6.32594835810535
q7,4,step1-nation--mergebf,step3-customer,23,23,0.08014545078101361,0.0799965866643911,0.08014550168688281,0.18615172059333498,7.804225272494898
q7,5,step1-nation--mergebf,step2-supplier,23,23,0.08014545078101361,0.08012280122801228,0.08014550168688281,0.028332083405227904,6.32594835810535
q7,5,step1-nation--mergebf,step3-customer,23,23,0.08014545078101361,0.0799965866643911,0.08014550168688281,0.18615172059333498,7.804225272494898
q7,6,step1-nation--mergebf,step2-supplier,23,23,0.08014545078101361,0.08012280122801228,0.08014550168688281,0.028332083405227904,6.32594835810535
q7,6,step1-nation--mergebf,step3-customer,23,23,0.08014545078101361,0.0799965866643911,0.08014550168688281,0.18615172059333498,7.804225272494898
q7,7,step1-nation--mergebf,step2-supplier,23,23,0.0800816874707723,0.16045360453604535,0.08008173838017023,-50.090408618910054,-47.82465564353423
q7,7,step1-nation--mergebf,step3-customer,23,23,0.0800816874707723,0.15997490664993777,0.08008173838017023,-49.94106259714365,-47.35190912623716
q7,8,step1-nation--mergebf,step2-supplier,23,23,0.0800816874707723,0.16045360453604535,0.08008173838017023,-50.090408618910054,-47.82465564353423
q7,8,step1-nation--mergebf,step3-customer,23,23,0.0800816874707723,0.15997490664993777,0.08008173838017023,-49.94106259714365,-47.35190912623716
q7,9,step1-nation--mergebf,step2-supplier,23,23,0.0800816874707723,0.16045360453604535,0.08008173838017023,-50.090408618910054,-47.82465564353423
q7,9,step1-nation--mergebf,step3-customer,23,23,0.0800816874707723,0.15997490664993777,0.08008173838017023,-49.94106259714365,-47.35190912623716
q7,10,step1-nation--mergebf,step2-supplier,23,23,0.08030786510393384,0.08028580285802858,0.08030791600081483,0.027543030024061103,6.286354482195581
q7,10,step1-nation--mergebf,step3-customer,23,23,0.08030786510393384,0.07998931999287999,0.08030791600081483,0.39829818276139434,8.034455988830565
q7,11,step1-nation--mergebf,step2-supplier,23,23,0.08030786510393384,0.08028580285802858,0.08030791600081483,0.027543030024061103,6.286354482195581
q7,11,step1-nation--mergebf,step3-customer,23,23,0.08030786510393384,0.07998931999287999,0.08030791600081483,0.39829818276139434,8.034455988830565
q7,12,step1-nation--mergebf,step2-supplier,23,23,0.08030786510393384,0.08028580285802858,0.08030791600081483,0.027543030024061103,6.286354482195581
q7,12,step1-nation--mergebf,step3-customer,23,23,0.08030786510393384,0.07998931999287999,0.08030791600081483,0.39829818276139434,8.034455988830565
q7,13,step1-nation--mergebf,step2-supplier,23,23,0.08035999918002928,0.12041620416204162,0.08036005007402511,-33.26475399782056,-28.51921001401012
q7,13,step1-nation--mergebf,step3-customer,23,23,0.08035999918002928,0.12001488000992,0.08036005007402511,-33.04159445280216,-27.68130500972637
q7,14,step1-nation--mergebf,step2-supplier,23,23,0.08035999918002928,0.12041620416204162,0.08036005007402511,-33.26475399782056,-28.51921001401012
q7,14,step1-nation--mergebf,step3-customer,23,23,0.08035999918002928,0.12001488000992,0.08036005007402511,-33.04159445280216,-27.68130500972637
q7,15,step1-nation--mergebf,step2-supplier,23,23,0.08035999918002928,0.12041620416204162,0.08036005007402511,-33.26475399782056,-28.51921001401012
q7,15,step1-nation--mergebf,step3-customer,23,23,0.08035999918002928,0.12001488000992,0.08036005007402511,-33.04159445280216,-27.68130500972637
q8,1,step1-region--mergebf,step2-nation,4,4,0.2,0.2,0.20000000007180357,3.590178154766477e-08,-67.41463413464274
q8,1,step3-join-region-nation--mergebf,step4-customer,13,13,,0.1999839333226222,,,
q8,1,step5-part--mergebf,step7-lineitem,293,293,0.006648197762522404,0.0070861558189728455,0.007087667531550085,0.021333323960953703,-14.025601117593364
q8,2,step1-region--mergebf,step2-nation,4,4,0.2,0.2,0.20000000007180357,3.590178154766477e-08,-67.41463413464274
q8,2,step3-join-region-nation--mergebf,step4-customer,13,13,,0.1999839333226222,,,
q8,2,step5-part--mergebf,step7-lineitem,293,293,0.006648197762522404,0.0070861558189728455,0.007087667531550085,0.021333323960953703,-14.025601117593364
q8,3,step1-region--mergebf,step2-nation,4,4,0.2,0.2,0.20000000007180357,3.590178154766477e-08,-67.41463413464274
q8,3,step3-join-region-nation--mergebf,step4-customer,13,13,,0.1999839333226222,,,
q8,3,step5-part--mergebf,step7-lineitem,293,293,0.006648197762522404,0.0070861558189728455,0.007087667531550085,0.021333323960953703,-14.025601117593364
q8,4,step1-region--mergebf,step2-nation,4,4,0.2,0.2,0.20000000007180357,3.590178154766477e-08,-67.41463413464274
q8,4,step3-join-region-nation--mergebf,step4-customer,13,13,,0.1999839333226222,,,
q8,4,step5-part--mergebf,step7-lineitem,293,293,0.006672216238110841,0.007135941008205528,0.007126942768811418,-0.12609744648621846,-14.137915330581801
q8,5,step1-region--mergebf,step2-nation,4,4,0.2,0.2,0.20000000007180357,3.590178154766477e-08,-67.41463413464274
q8,5,step3-join-region-nation--mergebf,step4-customer,13,13,,0.1999839333226222,,,
q8,5,step5-part--mergebf,step7-lineitem,293,293,0.006672216238110841,0.007135941008205528,0.007126942768811418,-0.12609744648621846,-14.137915330581801
q8,6,step1-region--mergebf,step2-nation,4,4,0.2,0.2,0.20000000007180357,3.590178154766477e-08,-67.41463413464274
q8,6,step3-join-region-nation--mergebf,step4-customer,13,13,,0.1999839333226222,,,
q8,6,step5-part--mergebf,step7-lineitem,293,293,0.006672216238110841,0.007135941008205528,0.007126942768811418,-0.12609744648621846,-14.137915330581801
q8,7,step1-region--mergebf,step2-nation,4,4,0.2,0.2,0.20000000007180357,3.590178154766477e-08,-69.16923075816199
q8,7,step3-join-region-nation--mergebf,step4-customer,13,13,,0.20012706675137784,,,
q8,7,step5-part--mergebf,step7-lineitem,293,293,0.00664156649123069,0.007060754089843379,0.007076524566443909,0.22335399873527834,-13.857442349758905
q8,8,step1-region--mergebf,step2-nation,4,4,0.2,0.2,0.20000000007180357,3.590178154766477e-08,-69.16923075816199
q8,8,step3-join-region-nation--mergebf,step4-customer,13,13,,0.20012706675137784,,,
q8,8,step5-part--mergebf,step7-lineitem,293,293,0.00664156649123069,0.007060754089843379,0.007076524566443909,0.22335399873527834,-13.857442349758905
q8,9,step1-region--mergebf,step2-nation,4,4,0.2,0.2,0.20000000007180357,3.590178154766477e-08,-69.16923075816199
q8,9,step3-join-region-nation--mergebf,step4-customer,13,13,,0.20012706675137784,,,
q8,9,step5-part--mergebf,step7-lineitem,293,293,0.00664156649123069,0.007060754089843379,0.007076524566443909,0.22335399873527834,-13.857442349758905
q8,10,step1-region--mergebf,step2-nation,4,4,0.2,0.2,0.20000000007180357,3.590178154766477e-08,-68.49056602642341
q8,10,step3-join-region-nation--mergebf,step4-customer,13,13,,0.19988146658764439,,,
q8,10,step5-part--mergebf,step7-lineitem,293,293,0.006692450117180433,0.007136405978841083,0.007146971159977547,0.1480462457963998,-13.906485750706135
q8,11,step1-region--mergebf,step2-nation,4,4,0.2,0.2,0.20000000007180357,3.590178154766477e-08,-68.49056602642341
q8,11,step3-join-region-nation--mergebf,step4-customer,13,13,,0.19988146658764439,,,
q8,11,step5-part--mergebf,step7-lineitem,293,293,0.006692450117180433,0.007136405978841083,0.007146971159977547,0.1480462457963998,-13.906485750706135
q8,12,step1-region--mergebf,step2-nation,4,4,0.2,0.2,0.20000000007180357,3.590178154766477e-08,-68.49056602642341
q8,12,step3-join-region-nation--mergebf,step4-customer,13,13,,0.19988146658764439,,,
q8,12,step5-part--mergebf,step7-lineitem,293,293,0.006692450117180433,0.007136405978841083,0.007146971159977547,0.1480462457963998,-13.906485750706135
q8,13,step1-region--mergebf,step2-nation,4,4,0.2,0.2,0.20000000007180357,3.590178154766477e-08,-68.49056602642341
q8,13,step3-join-region-nation--mergebf,step4-customer,13,13,,0.19988146658764439,,,
q8,13,step5-part--mergebf,step7-lineitem,293,293,0.006643925007901854,0.0070999816124945655,0.007087059787069261,-0.18199801253801243,-14.196905857725032
q8,14,step1-region--mergebf,step2-nation,4,4,0.2,0.2,0.20000000007180357,3.590178154766477e-08,-68.49056602642341
q8,14,step3-join-region-nation--mergebf,step4-customer,13,13,,0.19988146658764439,,,
q8,14,step5-part--mergebf,step7-lineitem,293,293,0.006643925007901854,0.0070999816124945655,0.007087059787069261,-0.18199801253801243,-14.196905857725032
q8,15,step1-region--mergebf,step2-nation,4,4,0.2,0.2,0.20000000007180357,3.590178154766477e-08,-68.49056602642341
q8,15,step3-join-region-nation--mergebf,step4-customer,13,13,,0.19988146658764439,,,
q8,15,step5-part--mergebf,step7-lineitem,293,293,0.006643925007901854,0.0070999816124945655,0.007087059787069261,-0.18199801253801243,-14.196905857725032
q9,1,step1-part--mergebf,step2-partsupp,313,313,0.4075931134491392,0.054801156850144604,0.4078750836567777,644.281885822455,638.1433918123821
q9,1,step1-part--mergebf,step3-lineitem,313,313,0.05434230976866374,0.0547900214941759,0.054792418133915874,0.0043742266832763,-10.73855877394109
q9,2,step1-part--mergebf,step2-partsupp,313,313,0.4075931134491392,0.054801156850144604,0.4078750836567777,644.281885822455,638.1433918123821
q9,2,step1-part--mergebf,step3-lineitem,313,313,0.05434230976866374,0.0547900214941759,0.054792418133915874,0.0043742266832763,-10.73855877394109
q9,3,step1-part--mergebf,step2-partsupp,313,313,0.4075931134491392,0.054801156850144604,0.4078750836567777,644.281885822455,638.1433918123821
q9,3,step1-part--mergebf,step3-lineitem,313,313,0.05434230976866374,0.0547900214941759,0.054792418133915874,0.0043742266832763,-10.73855877394109
q9,4,step1-part--mergebf,step2-partsupp,313,313,0.40755512594439075,0.05476375684546961,0.40783613031560706,644.7190510804879,638.556367103949
q9,4,step1-part--mergebf,step3-lineitem,313,313,0.054337245088515174,0.05477387084747641,0.05478578533160562,0.021752130979363925,-10.722921211234974
q9,5,step1-part--mergebf,step2-partsupp,313,313,0.40755512594439075,0.05476375684546961,0.40783613031560706,644.7190510804879,638.556367103949
q9,5,step1-part--mergebf,step3-lineitem,313,313,0.054337245088515174,0.05477387084747641,0.05478578533160562,0.021752130979363925,-10.722921211234974
q9,6,step1-part--mergebf,step2-partsupp,313,313,0.40755512594439075,0.05476375684546961,0.40783613031560706,644.7190510804879,638.556367103949
q9,6,step1-part--mergebf,step3-lineitem,313,313,0.054337245088515174,0.05477387084747641,0.05478578533160562,0.021752130979363925,-10.722921211234974
q9,7,step1-part--mergebf,step2-partsupp,313,313,0.40732785091598134,0.054747806843475855,0.4076078739395706,644.5190911572454,638.3503822973444
q9,7,step1-part--mergebf,step3-lineitem,313,313,0.054306943668817505,0.05475571532739136,0.054753760394439764,-0.003570281092864162,-10.745611986474554
q9,8,step1-part--mergebf,step2-partsupp,313,313,0.40732785091598134,0.054747806843475855,0.4076078739395706,644.5190911572454,638.3503822973444
q9,8,step1-part--mergebf,step3-lineitem,313,313,0.054306943668817505,0.05475571532739136,0.054753760394439764,-0.003570281092864162,-10.745611986474554
q9,9,step1-part--mergebf,step2-partsupp,313,313,0.40732785091598134,0.054747806843475855,0.4076078739395706,644.5190911572454,638.3503822973444
q9,9,step1-part--mergebf,step3-lineitem,313,313,0.054306943668817505,0.05475571532739136,0.054753760394439764,-0.003570281092864162,-10.745611986474554
q9,10,step1-part--mergebf,step2-partsupp,313,313,0.40770196346274545,0.05481905685238211,0.407984273871909,644.2380392835606,638.0844768918446
q9,10,step1-part--mergebf,step3-lineitem,313,313,0.05435682218548958,0.05481028021477017,0.05480754951528506,-0.00498209364084269,-10.74534411622814
q9,11,step1-part--mergebf,step2-partsupp,313,313,0.40770196346274545,0.05481905685238211,0.407984273871909,644.2380392835606,638.0844768918446
q9,11,step1-part--mergebf,step3-lineitem,313,313,0.05435682218548958,0.05481028021477017,0.05480754951528506,-0.00498209364084269,-10.74534411622814
q9,12,step1-part--mergebf,step2-partsupp,313,313,0.40770196346274545,0.05481905685238211,0.407984273871909,644.2380392835606,638.0844768918446
q9,12,step1-part--mergebf,step3-lineitem,313,313,0.05435682218548958,0.05481028021477017,0.05480754951528506,-0.00498209364084269,-10.74534411622814
q9,13,step1-part--mergebf,step2-partsupp,313,313,0.4079405009925626,0.05485950685743836,0.40822416454137717,644.1265660703372,637.9863421133324
q9,13,step1-part--mergebf,step3-lineitem,313,313,0.054388625177024655,0.05484400141849708,0.05484168011294133,-0.004232560527523768,-10.744455079033322
q9,14,step1-part--mergebf,step2-partsupp,313,313,0.4079405009925626,0.05485950685743836,0.40822416454137717,644.1265660703372,637.9863421133324
q9,14,step1-part--mergebf,step3-lineitem,313,313,0.054388625177024655,0.05484400141849708,0.05484168011294133,-0.004232560527523768,-10.744455079033322
q9,15,step1-part--mergebf,step2-partsupp,313,313,0.4079405009925626,0.05485950685743836,0.40822416454137717,644.1265660703372,637.9863421133324
q9,15,step1-part--mergebf,step3-lineitem,313,313,0.054388625177024655,0.05484400141849708,0.05484168011294133,-0.004232560527523768,-10.744455079033322
q10,1,step1-orders--mergebf,step2-customer,25,25,0.36998191332127556,0.28553219035479355,0.3781667888685397,32.44278636277096,32.20313307343021
q10,1,step3-join-orders-customer--mergebf,step4-lineitem,117,117,0.07496445871963862,0.9060775488112632,0.9059780620987716,-0.010979933519170157,-0.03855886750908786
q10,2,step1-orders--mergebf,step2-customer,25,25,0.36998191332127556,0.28553219035479355,0.3781667888685397,32.44278636277096,32.20313307343021
q10,2,step3-join-orders-customer--mergebf,step4-lineitem,117,117,0.07496445871963862,0.9060775488112632,0.9059780620987716,-0.010979933519170157,-0.03853704928903038
q10,3,step1-orders--mergebf,step2-customer,25,25,0.36998191332127556,0.28553219035479355,0.3781667888685397,32.44278636277096,32.20313307343021
q10,3,step3-join-orders-customer--mergebf,step4-lineitem,117,117,0.07496445871963862,0.9060775488112632,0.9059780620987716,-0.010979933519170157,-0.03858548577254163
q10,4,step1-orders--mergebf,step2-customer,25,25,0.37393044928696617,0.28786099190732795,0.3825673724785899,32.90003968365089,32.63153490013129
q10,4,step3-join-orders-customer--mergebf,step4-lineitem,119,119,0.07576217726997853,0.9102230229694261,0.9103017793477344,0.008652426528534053,-0.016575641660995052
q10,5,step1-orders--mergebf,step2-customer,25,25,0.37393044928696617,0.28786099190732795,0.3825673724785899,32.90003968365089,32.63153490013129
q10,5,step3-join-orders-customer--mergebf,step4-lineitem,119,119,0.07576217726997853,0.9102230229694261,0.9103017793477344,0.008652426528534053,-0.016547797540375043
q10,6,step1-orders--mergebf,step2-customer,25,25,0.37393044928696617,0.28786099190732795,0.3825673724785899,32.90003968365089,32.63153490013129
q10,6,step3-join-orders-customer--mergebf,step4-lineitem,119,119,0.07576217726997853,0.9102230229694261,0.9103017793477344,0.008652426528534053,-0.01657530150815151
q10,7,step1-orders--mergebf,step2-customer,25,25,0.3820249213499476,0.292688528459019,0.3916365407615465,33.80659051568596,33.554797277797434
q10,7,step3-join-orders-customer--mergebf,step4-lineitem,119,119,0.07741851237066182,0.9188743210349135,0.9185822408386622,-0.03178674053294906,-0.05400562102522211
q10,8,step1-orders--mergebf,step2-customer,25,25,0.3820249213499476,0.292688528459019,0.3916365407615465,33.80659051568596,33.554797277797434
q10,8,step3-join-orders-customer--mergebf,step4-lineitem,119,119,0.07741851237066182,0.9188743210349135,0.9185822408386622,-0.03178674053294906,-0.05399616418925978
q10,9,step1-orders--mergebf,step2-customer,25,25,0.3820249213499476,0.292688528459019,0.3916365407615465,33.80659051568596,33.554797277797434
q10,9,step3-join-orders-customer--mergebf,step4-lineitem,119,119,0.07741851237066182,0.9188743210349135,0.9185822408386622,-0.03178674053294906,-0.053918467412386456
q10,10,step1-orders--mergebf,step2-customer,25,25,0.3825307883538589,0.2927969285312857,0.39220543780244554,33.95134975281612,33.68619234791231
q10,10,step3-join-orders-customer--mergebf,step4-lineitem,119,119,0.07751239538031568,0.9194119888488516,0.9190738636269478,-0.03677624677563154,-0.05931432257556191
q10,11,step1-orders--mergebf,step2-customer,25,25,0.3825307883538589,0.2927969285312857,0.39220543780244554,33.95134975281612,33.68619234791231
q10,11,step3-join-orders-customer--mergebf,step4-lineitem,119,119,0.07751239538031568,0.9194119888488516,0.9190738636269478,-0.03677624677563154,-0.05940175820240548
q10,12,step1-orders--mergebf,step2-customer,25,25,0.3825307883538589,0.2927969285312857,0.39220543780244554,33.95134975281612,33.68619234791231
q10,12,step3-join-orders-customer--mergebf,step4-lineitem,119,119,0.07751239538031568,0.9194119888488516,0.9190738636269478,-0.03677624677563154,-0.05948367330380897
q10,13,step1-orders--mergebf,step2-customer,25,25,0.37856265237510156,0.2905656603771069,0.3877494370437872,33.44640813389704,33.173629179690515
q10,13,step3-join-orders-customer--mergebf,step4-lineitem,119,119,0.0767146025394135,0.915023084779174,0.9151343394722281,0.012158676092954875,-0.01175921803388897
q10,14,step1-orders--mergebf,step2-customer,25,25,0.37856265237510156,0.2905656603771069,0.3877494370437872,33.44640813389704,33.173629179690515
q10,14,step3-join-orders-customer--mergebf,step4-lineitem,119,119,0.0767146025394135,0.915023084779174,0.9151343394722281,0.012158676092954875,-0.011736344389042183
q10,15,step1-orders--mergebf,step2-customer,25,25,0.37856265237510156,0.2905656603771069,0.3877494370437872,33.44640813389704,33.173629179690515
q10,15,step3-join-orders-customer--mergebf,step4-lineitem,119,119,0.0767146025394135,0.915023084779174,0.9151343394722281,0.012158676092954875,-0.011739988417476387
q11,1,step1-nation--mergebf,step2-supplier,13,13,0.04013440134401344,0.08040980409804098,0.040134401430165646,-50.0876766454609,-46.952637002649354
q11,1,step3-join-nation-supplier--mergebf,step4-partsupp,23,23,0.04013400501675063,0.04057700507212563,0.040598282134351515,0.05243625592392609,-17.09310180306323
q11,2,step1-nation--mergebf,step2-supplier,13,13,0.04013440134401344,0.08040980409804098,0.040134401430165646,-50.0876766454609,-46.952637002649354
q11,2,step3-join-nation-supplier--mergebf,step4-partsupp,23,23,0.04013400501675063,0.04057700507212563,0.040598282134351515,0.05243625592392609,-17.09310180306323
q11,3,step1-nation--mergebf,step2-supplier,13,13,0.04013440134401344,0.08040980409804098,0.040134401430165646,-50.0876766454609,-46.952637002649354
q11,3,step3-join-nation-supplier--mergebf,step4-partsupp,23,23,0.04013400501675063,0.04057700507212563,0.040598282134351515,0.05243625592392609,-17.09310180306323
q11,4,step1-nation--mergebf,step2-supplier,13,13,0.03975939759397594,0.08003480034800348,0.0397593976801618,-50.32236288804134,-47.20093962343387
q11,4,step3-join-nation-supplier--mergebf,step4-partsupp,23,23,0.03975900496987562,0.040218005027250626,0.04019310713589053,-0.061907325694622595,-17.239589524870365
q11,5,step1-nation--mergebf,step2-supplier,13,13,0.03975939759397594,0.08003480034800348,0.0397593976801618,-50.32236288804134,-47.20093962343387
q11,5,step3-join-nation-supplier--mergebf,step4-partsupp,23,23,0.03975900496987562,0.040218005027250626,0.04019310713589053,-0.061907325694622595,-17.239589524870365
q11,6,step1-nation--mergebf,step2-supplier,13,13,0.03975939759397594,0.08003480034800348,0.0397593976801618,-50.32236288804134,-47.20093962343387
q11,6,step3-join-nation-supplier--mergebf,step4-partsupp,23,23,0.03975900496987562,0.040218005027250626,0.04019310713589053,-0.061907325694622595,-17.239589524870365
q11,7,step1-nation--mergebf,step2-supplier,13,13,0.03999139991399914,0.24053140531405315,0.03999140000016417,-83.37373036674823,-82.54404033935545
q11,7,step3-join-nation-supplier--mergebf,step4-partsupp,23,23,0.039991004998875625,0.04043600505450063,0.04044358110675037,0.018735906871933224,-17.16805902308673
q11,8,step1-nation--mergebf,step2-supplier,13,13,0.03999139991399914,0.24053140531405315,0.03999140000016417,-83.37373036674823,-82.54404033935545
q11,8,step3-join-nation-supplier--mergebf,step4-partsupp,23,23,0.039991004998875625,0.04043600505450063,0.04044358110675037,0.018735906871933224,-17.16805902308673
q11,9,step1-nation--mergebf,step2-supplier,13,13,0.03999139991399914,0.24053140531405315,0.03999140000016417,-83.37373036674823,-82.54404033935545
q11,9,step3-join-nation-supplier--mergebf,step4-partsupp,23,23,0.039991004998875625,0.04043600505450063,0.04044358110675037,0.018735906871933224,-17.16805902308673
q11,10,step1-nation--mergebf,step2-supplier,13,13,0.04007840078400784,0.24053140531405315,0.040078400870165065,-83.33756009206526,-82.50606508274603
q11,10,step3-join-nation-supplier--mergebf,step4-partsupp,23,23,0.040078005009750624,0.040559005069875635,0.040537671053696024,-0.052599949488052064,-17.183644812208506
q11,11,step1-nation--mergebf,step2-supplier,13,13,0.04007840078400784,0.24053140531405315,0.040078400870165065,-83.33756009206526,-82.50606508274603
q11,11,step3-join-nation-supplier--mergebf,step4-partsupp,23,23,0.040078005009750624,0.040559005069875635,0.040537671053696024,-0.052599949488052064,-17.183644812208506
q11,12,step1-nation--mergebf,step2-supplier,13,13,0.04007840078400784,0.24053140531405315,0.040078400870165065,-83.33756009206526,-82.50606508274603
q11,12,step3-join-nation-supplier--mergebf,step4-partsupp,23,23,0.040078005009750624,0.040559005069875635,0.040537671053696024,-0.052599949488052064,-17.183644812208506
q11,13,step1-nation--mergebf,step2-supplier,13,13,0.03964039640396404,0.07991579915799157,0.03964039649016058,-50.39729702033951,-47.288037185885635
q11,13,step3-join-nation-supplier--mergebf,step4-partsupp,23,23,0.03964000495500062,0.04006700500837563,0.0400648715672797,-0.0053246832287215445,-17.039855460770095
q11,14,step1-nation--mergebf,step2-supplier,13,13,0.03964039640396404,0.07991579915799157,0.03964039649016058,-50.39729702033951,-47.288037185885635
q11,14,step3-join-nation-supplier--mergebf,step4-partsupp,23,23,0.03964000495500062,0.04006700500837563,0.0400648715672797,-0.0053246832287215445,-17.039855460770095
q11,15,step1-nation--mergebf,step2-supplier,13,13,0.03964039640396404,0.07991579915799157,0.03964039649016058,-50.39729702033951,-47.288037185885635
q11,15,step3-join-nation-supplier--mergebf,step4-partsupp,23,23,0.03964000495500062,0.04006700500837563,0.0400648715672797,-0.0053246832287215445,-17.039855460770095
q12,1,step1-lineitem--mergebf,step2-orders,23,23,0.020791954719463646,0.019972594664839645,0.02152953219220451,7.795369372341714,-4.780461164255089
q12,2,step1-lineitem--mergebf,step2-orders,23,23,0.020791954719463646,0.019972594664839645,0.02152953219220451,7.795369372341714,-4.780461164255089
q12,3,step1-lineitem--mergebf,step2-orders,23,23,0.020791954719463646,0.019972594664839645,0.02152953219220451,7.795369372341714,-4.780461164255089
q12,4,step1-lineitem--mergebf,step2-orders,23,23,0.020841054722736983,0.02003058133537209,0.021590919271133404,7.789778587234045,-4.767309876607659
q12,5,step1-lineitem--mergebf,step2-orders,23,23,0.020841054722736983,0.02003058133537209,0.021590919271133404,7.789778587234045,-4.767309876607659
q12,6,step1-lineitem--mergebf,step2-orders,23,23,0.020841054722736983,0.02003058133537209,0.021590919271133404,7.789778587234045,-4.767309876607659
q12,7,step1-lineitem--mergebf,step2-orders,23,23,0.02078818805254587,0.019972061331470756,0.021524827869190653,7.774693417715187,-4.7983957862585696
q12,8,step1-lineitem--mergebf,step2-orders,23,23,0.02078818805254587,0.019972061331470756,0.021524827869190653,7.774693417715187,-4.7983957862585696
q12,9,step1-lineitem--mergebf,step2-orders,23,23,0.02078818805254587,0.019972061331470756,0.021524827869190653,7.774693417715187,-4.7983957862585696
q12,10,step1-lineitem--mergebf,step2-orders,23,23,0.020786401385760093,0.01996951466463431,0.02152259756065895,7.777269112980124,-4.795463436155999
q12,11,step1-lineitem--mergebf,step2-orders,23,23,0.020786401385760093,0.01996951466463431,0.02152259756065895,7.777269112980124,-4.795463436155999
q12,12,step1-lineitem--mergebf,step2-orders,23,23,0.020786401385760093,0.01996951466463431,0.02152259756065895,7.777269112980124,-4.795463436155999
q12,13,step1-lineitem--mergebf,step2-orders,23,23,0.020783308052220537,0.019961361330757422,0.021518736638798136,7.801949387294722,-4.778213952195057
q12,14,step1-lineitem--mergebf,step2-orders,23,23,0.020783308052220537,0.019961361330757422,0.021518736638798136,7.801949387294722,-4.778213952195057
q12,15,step1-lineitem--mergebf,step2-orders,23,23,0.020783308052220537,0.019961361330757422,0.021518736638798136,7.801949387294722,-4.778213952195057
q14,1,step1-lineitem--mergebf,step2-part,15,15,0.3491466245733123,0.33712146856073427,0.4281613151036969,27.005057533605676,26.730225875537332
q14,2,step1-lineitem--mergebf,step2-part,15,15,0.3491466245733123,0.33712146856073427,0.4281613151036969,27.005057533605676,26.730225875537332
q14,3,step1-lineitem--mergebf,step2-part,15,15,0.3491466245733123,0.33712146856073427,0.4281613151036969,27.005057533605676,26.730225875537332
q14,4,step1-lineitem--mergebf,step2-part,15,15,0.3740854370427185,0.36543793271896635,0.4725471172944697,29.30981569936632,29.090292751475705
q14,5,step1-lineitem--mergebf,step2-part,15,15,0.3740854370427185,0.36543793271896635,0.4725471172944697,29.30981569936632,29.090292751475705
q14,6,step1-lineitem--mergebf,step2-part,15,15,0.3740854370427185,0.36543793271896635,0.4725471172944697,29.30981569936632,29.090292751475705
q14,7,step1-lineitem--mergebf,step2-part,15,15,0.3867878433939217,0.37992823996412,0.4953728218961616,30.385891278559356,30.12500623625923
q14,8,step1-lineitem--mergebf,step2-part,15,15,0.3867878433939217,0.37992823996412,0.4953728218961616,30.385891278559356,30.12500623625923
q14,9,step1-lineitem--mergebf,step2-part,15,15,0.3867878433939217,0.37992823996412,0.4953728218961616,30.385891278559356,30.12500623625923
q14,10,step1-lineitem--mergebf,step2-part,15,15,0.38651524325762165,0.37975408987704495,0.4948824826013209,30.316564269670327,30.059273648583147
q14,11,step1-lineitem--mergebf,step2-part,15,15,0.38651524325762165,0.37975408987704495,0.4948824826013209,30.316564269670327,30.059273648583147
q14,12,step1-lineitem--mergebf,step2-part,15,15,0.38651524325762165,0.37975408987704495,0.4948824826013209,30.316564269670327,30.059273648583147
q14,13,step1-lineitem--mergebf,step2-part,15,15,0.37421303710651854,0.36546418273209136,0.47277582577839133,29.36310810106562,29.14083246444923
q14,14,step1-lineitem--mergebf,step2-part,15,15,0.37421303710651854,0.36546418273209136,0.47277582577839133,29.36310810106562,29.14083246444923
q14,15,step1-lineitem--mergebf,step2-part,15,15,0.37421303710651854,0.36546418273209136,0.47277582577839133,29.36310810106562,29.14083246444923
q15,1,step1-lineitem--mergebf,step4-supplier,21,21,1.0,1.0,1.0,0.0,0.0
q15,2,step1-lineitem--mergebf,step4-supplier,21,21,1.0,1.0,1.0,0.0,0.0
q15,3,step1-lineitem--mergebf,step4-supplier,21,21,1.0,1.0,1.0,0.0,0.0
q15,4,step1-lineitem--mergebf,step4-supplier,21,21,1.0,1.0,1.0,0.0,0.0
q15,5,step1-lineitem--mergebf,step4-supplier,21,21,1.0,1.0,1.0,0.0,0.0
q15,6,step1-lineitem--mergebf,step4-supplier,21,21,1.0,1.0,1.0,0.0,0.0
q15,7,step1-lineitem--mergebf,step4-supplier,21,21,1.0,1.0,1.0,0.0,0.0
q15,8,step1-lineitem--mergebf,step4-supplier,21,21,1.0,1.0,1.0,0.0,0.0
q15,9,step1-lineitem--mergebf,step4-supplier,21,21,1.0,1.0,1.0,0.0,0.0
q15,10,step1-lineitem--mergebf,step4-supplier,21,21,1.0,1.0,1.0,0.0,0.0
q15,11,step1-lineitem--mergebf,step4-supplier,21,21,1.0,1.0,1.0,0.0,0.0
q15,12,step1-lineitem--mergebf,step4-supplier,21,21,1.0,1.0,1.0,0.0,0.0
q15,13,step1-lineitem--mergebf,step4-supplier,21,21,1.0,1.0,1.0,0.0,0.0
q15,14,step1-lineitem--mergebf,step4-supplier,21,21,1.0,1.0,1.0,0.0,0.0
q15,15,step1-lineitem--mergebf,step4-supplier,21,21,1.0,1.0,1.0,0.0,0.0
q16,1,step1-part--mergebf,step3-partsupp,23,23,0.148526462741461,0.1489169686146211,0.14892927026354513,0.008260743579786997,-0.44177454245198367
q16,2,step1-part--mergebf,step3-partsupp,23,23,0.148526462741461,0.1489169686146211,0.14892927026354513,0.008260743579786997,-0.44177454245198367
q16,3,step1-part--mergebf,step3-partsupp,23,23,0.148526462741461,0.1489169686146211,0.14892927026354513,0.008260743579786997,-0.44177454245198367
q16,4,step1-part--mergebf,step3-partsupp,23,23,0.148576774347009,0.14897181862147732,0.14898054749706025,0.005859413990980625,-0.4441716648206859
q16,5,step1-part--mergebf,step3-partsupp,23,23,0.148576774347009,0.14897181862147732,0.14898054749706025,0.005859413990980625,-0.4441716648206859
q16,6,step1-part--mergebf,step3-partsupp,23,23,0.148576774347009,0.14897181862147732,0.14898054749706025,0.005859413990980625,-0.4441716648206859
q16,7,step1-part--mergebf,step3-partsupp,23,23,0.14859131881562754,0.14898511862313982,0.14899536085309267,0.006874666441528186,-0.44269020807298176
q16,8,step1-part--mergebf,step3-partsupp,23,23,0.14859131881562754,0.14898511862313982,0.14899536085309267,0.006874666441528186,-0.44269020807298176
q16,9,step1-part--mergebf,step3-partsupp,23,23,0.14859131881562754,0.14898511862313982,0.14899536085309267,0.006874666441528186,-0.44269020807298176
q16,10,step1-part--mergebf,step3-partsupp,23,23,0.14857906294353282,0.14896876862109606,0.14898288291802442,0.009474668455005105,-0.4403719786292821
q16,11,step1-part--mergebf,step3-partsupp,23,23,0.14857906294353282,0.14896876862109606,0.14898288291802442,0.009474668455005105,-0.4403719786292821
q16,12,step1-part--mergebf,step3-partsupp,23,23,0.14857906294353282,0.14896876862109606,0.14898288291802442,0.009474668455005105,-0.4403719786292821
q16,13,step1-part--mergebf,step3-partsupp,23,23,0.148541482437773,0.14893066861633358,0.14894458153863682,0.009341878628827113,-0.44033536200572554
q16,14,step1-part--mergebf,step3-partsupp,23,23,0.148541482437773,0.14893066861633358,0.14894458153863682,0.009341878628827113,-0.44033536200572554
q16,15,step1-part--mergebf,step3-partsupp,23,23,0.148541482437773,0.14893066861633358,0.14894458153863682,0.009341878628827113,-0.44033536200572554
q17,1,step1-part--mergebf,step2-lineitem,153,153,0.0009898358219017276,0.0014378258631706545,0.001432465408896139,-0.37281665407623765,-0.47237889318637427
q17,2,step1-part--mergebf,step2-lineitem,153,153,0.0009898358219017276,0.0014378258631706545,0.001432465408896139,-0.37281665407623765,-0.47237889318637427
q17,3,step1-part--mergebf,step2-lineitem,153,153,0.0009898358219017276,0.0014378258631706545,0.001432465408896139,-0.37281665407623765,-0.47237889318637427
q17,4,step1-part--mergebf,step2-lineitem,153,153,0.0009950804906834116,0.001451571661744322,0.0014471295655836785,-0.3060197631101036,-0.3747157400287025
q17,5,step1-part--mergebf,step2-lineitem,153,153,0.0009950804906834116,0.001451571661744322,0.0014471295655836785,-0.3060197631101036,-0.3747157400287025
q17,6,step1-part--mergebf,step2-lineitem,153,153,0.0009950804906834116,0.001451571661744322,0.0014471295655836785,-0.3060197631101036,-0.3747157400287025
q17,7,step1-part--mergebf,step2-lineitem,153,153,0.0009933306011947658,0.0014524849374012534,0.0014481727526333946,-0.2968832692732806,-0.36279026256415614
q17,8,step1-part--mergebf,step2-lineitem,153,153,0.0009933306011947658,0.0014524849374012534,0.0014481727526333946,-0.2968832692732806,-0.36279026256415614
q17,9,step1-part--mergebf,step2-lineitem,153,153,0.0009933306011947658,0.0014524849374012534,0.0014481727526333946,-0.2968832692732806,-0.36279026256415614
q17,10,step1-part--mergebf,step2-lineitem,153,153,0.0009980953002881358,0.0014621409942557429,0.0014615635906156483,-0.03949028461433941,-0.09637156035018767
q17,11,step1-part--mergebf,step2-lineitem,153,153,0.0009980953002881358,0.0014621409942557429,0.0014615635906156483,-0.03949028461433941,-0.09637156035018767
q17,12,step1-part--mergebf,step2-lineitem,153,153,0.0009980953002881358,0.0014621409942557429,0.0014615635906156483,-0.03949028461433941,-0.09637156035018767
q17,13,step1-part--mergebf,step2-lineitem,153,153,0.0009999451834618472,0.001469808843338847,0.0014677764166065217,-0.13827830343628053,-0.2080188991363184
q17,14,step1-part--mergebf,step2-lineitem,153,153,0.0009999451834618472,0.001469808843338847,0.0014677764166065217,-0.13827830343628053,-0.2080188991363184
q17,15,step1-part--mergebf,step2-lineitem,153,153,0.0009999451834618472,0.001469808843338847,0.0014677764166065217,-0.13827830343628053,-0.2080188991363184
q18,1,step2-filter-large-orders--mergebf,step3-orders,181,181,4.880000325333355e-06,4.886666992444466e-06,4.880000325333357e-06,-0.13642564802179058,-79.67725462099976
q18,1,step2-filter-large-orders--mergebf,step5-lineitem,181,181,8.539460704591635e-06,8.549460073098183e-06,8.539460704591637e-06,-0.11695906432746901,-65.10960616263894
q18,2,step2-filter-large-orders--mergebf,step3-orders,181,181,4.880000325333355e-06,4.886666992444466e-06,4.880000325333357e-06,-0.13642564802179058,-79.67725462099976
q18,2,step2-filter-large-orders--mergebf,step5-lineitem,181,181,8.539460704591635e-06,8.549460073098183e-06,8.539460704591637e-06,-0.11695906432746901,-65.10960616263894
q18,3,step2-filter-large-orders--mergebf,step3-orders,181,181,4.880000325333355e-06,4.886666992444466e-06,4.880000325333357e-06,-0.13642564802179058,-79.67725462099976
q18,3,step2-filter-large-orders--mergebf,step5-lineitem,181,181,8.539460704591635e-06,8.549460073098183e-06,8.539460704591637e-06,-0.11695906432746901,-65.10960616263894
q18,4,step2-filter-large-orders--mergebf,step3-orders,181,181,6.006667067111138e-06,6.013333734222249e-06,6.006667067111152e-06,-0.1108647450108447,-76.51985571450838
q18,4,step2-filter-large-orders--mergebf,step5-lineitem,181,181,1.0511002861799268e-05,1.0521002230305816e-05,1.0511002861799283e-05,-0.09504197687297684,-60.16090522123926
q18,5,step2-filter-large-orders--mergebf,step3-orders,179,179,6.006667067111138e-06,6.013333734222249e-06,6.006667067111152e-06,-0.1108647450108447,-76.51985571450838
q18,5,step2-filter-large-orders--mergebf,step5-lineitem,179,179,1.0511002861799268e-05,1.0521002230305816e-05,1.0511002861799283e-05,-0.09504197687297684,-60.16090522123926
q18,6,step2-filter-large-orders--mergebf,step3-orders,179,179,6.006667067111138e-06,6.013333734222249e-06,6.006667067111152e-06,-0.1108647450108447,-76.51985571450838
q18,6,step2-filter-large-orders--mergebf,step5-lineitem,179,179,1.0511002861799268e-05,1.0521002230305816e-05,1.0511002861799283e-05,-0.09504197687297684,-60.16090522123926
q18,7,step2-filter-large-orders--mergebf,step3-orders,181,181,6.006667067111138e-06,6.013333734222249e-06,6.006667067111152e-06,-0.1108647450108447,-76.51985571450838
q18,7,step2-filter-large-orders--mergebf,step5-lineitem,181,181,1.0511002861799268e-05,1.0521002230305816e-05,1.0511002861799283e-05,-0.09504197687297684,-60.16090522123926
q18,8,step2-filter-large-orders--mergebf,step3-orders,181,181,6.006667067111138e-06,6.013333734222249e-06,6.006667067111152e-06,-0.1108647450108447,-76.51985571450838
q18,8,step2-filter-large-orders--mergebf,step5-lineitem,181,181,1.0511002861799268e-05,1.0521002230305816e-05,1.0511002861799283e-05,-0.09504197687297684,-60.16090522123926
q18,9,step2-filter-large-orders--mergebf,step3-orders,179,179,6.006667067111138e-06,6.013333734222249e-06,6.006667067111152e-06,-0.1108647450108447,-76.51985571450838
q18,9,step2-filter-large-orders--mergebf,step5-lineitem,179,179,1.0511002861799268e-05,1.0521002230305816e-05,1.0511002861799283e-05,-0.09504197687297684,-60.16090522123926
q18,10,step2-filter-large-orders--mergebf,step3-orders,179,179,4.880000325333355e-06,4.886666992444466e-06,4.880000325333357e-06,-0.13642564802179058,-79.67725462099976
q18,10,step2-filter-large-orders--mergebf,step5-lineitem,179,179,8.539460704591635e-06,8.549460073098183e-06,8.539460704591637e-06,-0.11695906432746901,-65.10960616263894
q18,11,step2-filter-large-orders--mergebf,step3-orders,181,181,4.880000325333355e-06,4.886666992444466e-06,4.880000325333357e-06,-0.13642564802179058,-79.67725462099976
q18,11,step2-filter-large-orders--mergebf,step5-lineitem,181,181,8.539460704591635e-06,8.549460073098183e-06,8.539460704591637e-06,-0.11695906432746901,-65.10960616263894
q18,12,step2-filter-large-orders--mergebf,step3-orders,179,179,4.880000325333355e-06,4.886666992444466e-06,4.880000325333357e-06,-0.13642564802179058,-79.67725462099976
q18,12,step2-filter-large-orders--mergebf,step5-lineitem,179,179,8.539460704591635e-06,8.549460073098183e-06,8.539460704591637e-06,-0.11695906432746901,-65.10960616263894
q18,13,step2-filter-large-orders--mergebf,step3-orders,181,181,4.880000325333355e-06,4.886666992444466e-06,4.880000325333357e-06,-0.13642564802179058,-79.67725462099976
q18,13,step2-filter-large-orders--mergebf,step5-lineitem,181,181,8.539460704591635e-06,8.549460073098183e-06,8.539460704591637e-06,-0.11695906432746901,-65.10960616263894
q18,14,step2-filter-large-orders--mergebf,step3-orders,179,179,4.880000325333355e-06,4.886666992444466e-06,4.880000325333357e-06,-0.13642564802179058,-79.67725462099976
q18,14,step2-filter-large-orders--mergebf,step5-lineitem,179,179,8.539460704591635e-06,8.549460073098183e-06,8.539460704591637e-06,-0.11695906432746901,-65.10960616263894
q18,15,step2-filter-large-orders--mergebf,step3-orders,181,181,4.880000325333355e-06,4.886666992444466e-06,4.880000325333357e-06,-0.13642564802179058,-79.67725462099976
q18,15,step2-filter-large-orders--mergebf,step5-lineitem,181,181,8.539460704591635e-06,8.549460073098183e-06,8.539460704591637e-06,-0.11695906432746901,-65.10960616263894
q19,1,step1-part--mergebf,step2-lineitem,153,153,0.0007904772476280602,0.0028600616713732323,0.0012399245843048483,-56.646928396145036,-69.24157427041233
q19,2,step1-part--mergebf,step2-lineitem,153,153,0.0007904772476280602,0.0028600616713732323,0.0012399245843048483,-56.646928396145036,-69.24157427041233
q19,3,step1-part--mergebf,step2-lineitem,153,153,0.0007904772476280602,0.0028600616713732323,0.0012399245843048483,-56.646928396145036,-69.24157427041233
q19,4,step1-part--mergebf,step2-lineitem,153,153,0.0007447975361552659,0.0028906904070724534,0.0012134523559255632,-58.02205753488189,-70.12679426683732
q19,5,step1-part--mergebf,step2-lineitem,153,153,0.0007447975361552659,0.0028906904070724534,0.0012134523559255632,-58.02205753488189,-70.12679426683732
q19,6,step1-part--mergebf,step2-lineitem,153,153,0.0007447975361552659,0.0028906904070724534,0.0012134523559255632,-58.02205753488189,-70.12679426683732
q19,7,step1-part--mergebf,step2-lineitem,153,153,0.000820278179659735,0.0028979901303226364,0.0012944694279473498,-55.3321657516054,-68.2024197999986
q19,8,step1-part--mergebf,step2-lineitem,153,153,0.000820278179659735,0.0028979901303226364,0.0012944694279473498,-55.3321657516054,-68.2024197999986
q19,9,step1-part--mergebf,step2-lineitem,153,153,0.000820278179659735,0.0028979901303226364,0.0012944694279473498,-55.3321657516054,-68.2024197999986
q19,10,step1-part--mergebf,step2-lineitem,153,153,0.0008254707663016178,0.002850730066393617,0.0012835859931913736,-54.97342914633779,-68.0825968480893
q19,11,step1-part--mergebf,step2-lineitem,153,153,0.0008254707663016178,0.002850730066393617,0.0012835859931913736,-54.97342914633779,-68.0825968480893
q19,12,step1-part--mergebf,step2-lineitem,153,153,0.0008254707663016178,0.002850730066393617,0.0012835859931913736,-54.97342914633779,-68.0825968480893
q19,13,step1-part--mergebf,step2-lineitem,153,153,0.0007837795634088202,0.0029057413828460265,0.0012654772510641375,-56.44907497498396,-68.98378019393866
q19,14,step1-part--mergebf,step2-lineitem,153,153,0.0007837795634088202,0.0029057413828460265,0.0012654772510641375,-56.44907497498396,-68.98378019393866
q19,15,step1-part--mergebf,step2-lineitem,153,153,0.0007837795634088202,0.0029057413828460265,0.0012654772510641375,-56.44907497498396,-68.98378019393866
q20,1,step1-nation--mergebf,step2-supplier,13,13,0.03999739997399974,0.03999739997399974,0.03999740006016424,2.1542525064826782e-07,-0.9044465163441625
q20,1,step4-part--mergebf,step5-lineitem,173,173,,0.011299547559697228,,,
q20,1,step4-part--mergebf,step7-partsupp,173,173,,0.011316001414500176,,,
q20,2,step1-nation--mergebf,step2-supplier,13,13,0.03999739997399974,0.03999739997399974,0.03999740006016424,2.1542525064826782e-07,-0.9044465163441625
q20,2,step4-part--mergebf,step5-lineitem,173,173,,0.011299547559697228,,,
q20,2,step4-part--mergebf,step7-partsupp,173,173,,0.011316001414500176,,,
q20,3,step1-nation--mergebf,step2-supplier,13,13,0.03999739997399974,0.03999739997399974,0.03999740006016424,2.1542525064826782e-07,-0.9044465163441625
q20,3,step4-part--mergebf,step5-lineitem,173,173,,0.011299547559697228,,,
q20,3,step4-part--mergebf,step7-partsupp,173,173,,0.011316001414500176,,,
q20,4,step1-nation--mergebf,step2-supplier,13,13,0.03964039640396404,0.07991579915799157,0.03964039649016058,-50.39729702033951,-50.52985719863924
q20,4,step4-part--mergebf,step5-lineitem,173,173,,0.011363142976900288,,,
q20,4,step4-part--mergebf,step7-partsupp,173,173,,0.011353051419131427,,,
q20,5,step1-nation--mergebf,step2-supplier,13,13,0.03964039640396404,0.07991579915799157,0.03964039649016058,-50.39729702033951,-50.52985719863924
q20,5,step4-part--mergebf,step5-lineitem,173,173,,0.011363142976900288,,,
q20,5,step4-part--mergebf,step7-partsupp,173,173,,0.011353051419131427,,,
q20,6,step1-nation--mergebf,step2-supplier,13,13,0.03964039640396404,0.07991579915799157,0.03964039649016058,-50.39729702033951,-50.52985719863924
q20,6,step4-part--mergebf,step5-lineitem,173,173,,0.011363142976900288,,,
q20,6,step4-part--mergebf,step7-partsupp,173,173,,0.011353051419131427,,,
q20,7,step1-nation--mergebf,step2-supplier,13,13,0.04012440124401244,0.04012440124401244,0.04012440133016554,2.1471497610684277e-07,-0.776492392975176
q20,7,step4-part--mergebf,step5-lineitem,173,173,,0.01136745304682871,,,
q20,7,step4-part--mergebf,step7-partsupp,173,173,,0.011353951419243927,,,
q20,8,step1-nation--mergebf,step2-supplier,13,13,0.04012440124401244,0.04012440124401244,0.04012440133016554,2.1471497610684277e-07,-0.776492392975176
q20,8,step4-part--mergebf,step5-lineitem,173,173,,0.01136745304682871,,,
q20,8,step4-part--mergebf,step7-partsupp,173,173,,0.011353951419243927,,,
q20,9,step1-nation--mergebf,step2-supplier,13,13,0.04012440124401244,0.04012440124401244,0.04012440133016554,2.1471497610684277e-07,-0.776492392975176
q20,9,step4-part--mergebf,step5-lineitem,173,173,,0.01136745304682871,,,
q20,9,step4-part--mergebf,step7-partsupp,173,173,,0.011353951419243927,,,
q20,10,step1-nation--mergebf,step2-supplier,13,13,0.04008740087400874,0.08036280362803629,0.040087400960165165,-50.116970600339016,-50.30287408019271
q20,10,step4-part--mergebf,step5-lineitem,173,173,,0.011370038670411,,,
q20,10,step4-part--mergebf,step7-partsupp,173,173,,0.011373351421668927,,,
q20,11,step1-nation--mergebf,step2-supplier,13,13,0.04008740087400874,0.08036280362803629,0.040087400960165165,-50.116970600339016,-50.30287408019271
q20,11,step4-part--mergebf,step5-lineitem,173,173,,0.011370038670411,,,
q20,11,step4-part--mergebf,step7-partsupp,173,173,,0.011373351421668927,,,
q20,12,step1-nation--mergebf,step2-supplier,13,13,0.04008740087400874,0.08036280362803629,0.040087400960165165,-50.116970600339016,-50.30287408019271
q20,12,step4-part--mergebf,step5-lineitem,173,173,,0.011370038670411,,,
q20,12,step4-part--mergebf,step7-partsupp,173,173,,0.011373351421668927,,,
q20,13,step1-nation--mergebf,step2-supplier,13,13,0.04007840078400784,0.24053140531405315,0.040078400870165065,-83.33756009206526,-83.29309190050697
q20,13,step4-part--mergebf,step5-lineitem,173,173,,0.011381446226546682,,,
q20,13,step4-part--mergebf,step7-partsupp,173,173,,0.011374301421787678,,,
q20,14,step1-nation--mergebf,step2-supplier,13,13,0.04007840078400784,0.24053140531405315,0.040078400870165065,-83.33756009206526,-83.29309190050697
q20,14,step4-part--mergebf,step5-lineitem,173,173,,0.011381446226546682,,,
q20,14,step4-part--mergebf,step7-partsupp,173,173,,0.011374301421787678,,,
q20,15,step1-nation--mergebf,step2-supplier,13,13,0.04007840078400784,0.24053140531405315,0.040078400870165065,-83.33756009206526,-83.29309190050697
q20,15,step4-part--mergebf,step5-lineitem,173,173,,0.011381446226546682,,,
q20,15,step4-part--mergebf,step7-partsupp,173,173,,0.011374301421787678,,,
q21,1,step1-nation--mergebf,step2-supplier,13,13,0.03999739997399974,0.03999739997399974,0.03999740006016424,2.1542525064826782e-07,-3.064709368777161
q21,1,step3-join-nation-supplier--mergebf,step5-lineitem-l1,103,103,0.03999376207689974,1.0,0.9999999999911654,-8.834599718454683e-10,-8.834579246716349e-10
q21,1,step4-orders--mergebf,step9-lineitem-l2,115,115,0.042357886334881224,0.4845209858846714,0.04281322834608489,-91.16380309762772,-91.17531377488586
q21,2,step1-nation--mergebf,step2-supplier,13,13,0.03999739997399974,0.03999739997399974,0.03999740006016424,2.1542525064826782e-07,-3.064709368777161
q21,2,step3-join-nation-supplier--mergebf,step5-lineitem-l1,103,103,0.03999376207689974,1.0,0.9999999999911654,-8.834599718454683e-10,-8.834579246716349e-10
q21,2,step4-orders--mergebf,step9-lineitem-l2,115,115,0.042357886334881224,0.4845209858846714,0.04281322834608489,-91.16380309762772,-91.17531424630563
q21,3,step1-nation--mergebf,step2-supplier,13,13,0.03999739997399974,0.03999739997399974,0.03999740006016424,2.1542525064826782e-07,-3.064709368777161
q21,3,step3-join-nation-supplier--mergebf,step5-lineitem-l1,103,103,0.03999376207689974,1.0,0.9999999999911654,-8.834599718454683e-10,-8.834579246716349e-10
q21,3,step4-orders--mergebf,step9-lineitem-l2,115,115,0.042357886334881224,0.4845209858846714,0.04281322834608489,-91.16380309762772,-91.17531505845442
q21,4,step1-nation--mergebf,step2-supplier,13,13,0.04008740087400874,0.04008740087400874,0.040087400960165165,2.1492144762654292e-07,-3.1576185829332344
q21,4,step3-join-nation-supplier--mergebf,step5-lineitem-l1,103,103,0.04009126715879254,1.0,0.9999999999917002,-8.299805287492745e-10,-8.299839627699228e-10
q21,4,step4-orders--mergebf,step9-lineitem-l2,115,115,0.04246469295028072,0.4845209858846714,0.04291998417681403,-91.14176982479968,-91.1533116186593
q21,5,step1-nation--mergebf,step2-supplier,13,13,0.04008740087400874,0.04008740087400874,0.040087400960165165,2.1492144762654292e-07,-3.1576185829332344
q21,5,step3-join-nation-supplier--mergebf,step5-lineitem-l1,103,103,0.04009126715879254,1.0,0.9999999999917002,-8.299805287492745e-10,-8.299839627699228e-10
q21,5,step4-orders--mergebf,step9-lineitem-l2,115,115,0.04246469295028072,0.4845209858846714,0.04291998417681403,-91.14176982479968,-91.15331165609257
q21,6,step1-nation--mergebf,step2-supplier,13,13,0.04008740087400874,0.04008740087400874,0.040087400960165165,2.1492144762654292e-07,-3.1576185829332344
q21,6,step3-join-nation-supplier--mergebf,step5-lineitem-l1,103,103,0.04009126715879254,1.0,0.9999999999917002,-8.299805287492745e-10,-8.299839627699228e-10
q21,6,step4-orders--mergebf,step9-lineitem-l2,115,115,0.04246469295028072,0.4845209858846714,0.04291998417681403,-91.14176982479968,-91.153307739635
q21,7,step1-nation--mergebf,step2-supplier,13,13,0.04012440124401244,0.04012440124401244,0.04012440133016554,2.1471497610684277e-07,-3.1573020035038724
q21,7,step3-join-nation-supplier--mergebf,step5-lineitem-l1,103,103,0.04014779390111718,1.0,0.9999999999919107,-8.089307002023816e-10,-8.089347482859993e-10
q21,7,step4-orders--mergebf,step9-lineitem-l2,115,115,0.04250119293276072,0.4845209858846714,0.04295646680419321,-91.13424019689047,-91.14579199345577
q21,8,step1-nation--mergebf,step2-supplier,13,13,0.04012440124401244,0.04012440124401244,0.04012440133016554,2.1471497610684277e-07,-3.1573020035038724
q21,8,step3-join-nation-supplier--mergebf,step5-lineitem-l1,103,103,0.04014779390111718,1.0,0.9999999999919107,-8.089307002023816e-10,-8.089347482859993e-10
q21,8,step4-orders--mergebf,step9-lineitem-l2,115,115,0.04250119293276072,0.4845209858846714,0.04295646680419321,-91.13424019689047,-91.14579034499162
q21,9,step1-nation--mergebf,step2-supplier,13,13,0.04012440124401244,0.04012440124401244,0.04012440133016554,2.1471497610684277e-07,-3.1573020035038724
q21,9,step3-join-nation-supplier--mergebf,step5-lineitem-l1,103,103,0.04014779390111718,1.0,0.9999999999919107,-8.089307002023816e-10,-8.089347482859993e-10
q21,9,step4-orders--mergebf,step9-lineitem-l2,115,115,0.04250119293276072,0.4845209858846714,0.04295646680419321,-91.13424019689047,-91.1457887246257
q21,10,step1-nation--mergebf,step2-supplier,13,13,0.03999739997399974,0.03999739997399974,0.03999740006016424,2.1542525064826782e-07,-3.064709368777161
q21,10,step3-join-nation-supplier--mergebf,step5-lineitem-l1,103,103,0.03999376207689974,1.0,0.9999999999911654,-8.834599718454683e-10,-8.834579246716349e-10
q21,10,step4-orders--mergebf,step9-lineitem-l2,115,115,0.042357886334881224,0.4845209858846714,0.04281322834608489,-91.16380309762772,-91.17531344815926
q21,11,step1-nation--mergebf,step2-supplier,13,13,0.03999739997399974,0.03999739997399974,0.03999740006016424,2.1542525064826782e-07,-3.064709368777161
q21,11,step3-join-nation-supplier--mergebf,step5-lineitem-l1,103,103,0.03999376207689974,1.0,0.9999999999911654,-8.834599718454683e-10,-8.834579246716349e-10
q21,11,step4-orders--mergebf,step9-lineitem-l2,115,115,0.042357886334881224,0.4845209858846714,0.04281322834608489,-91.16380309762772,-91.17531152047181
q21,12,step1-nation--mergebf,step2-supplier,13,13,0.03999739997399974,0.03999739997399974,0.03999740006016424,2.1542525064826782e-07,-3.064709368777161
q21,12,step3-join-nation-supplier--mergebf,step5-lineitem-l1,103,103,0.03999376207689974,1.0,0.9999999999911654,-8.834599718454683e-10,-8.834579246716349e-10
q21,12,step4-orders--mergebf,step9-lineitem-l2,115,115,0.042357886334881224,0.4845209858846714,0.04281322834608489,-91.16380309762772,-91.17531418562784
q21,13,step1-nation--mergebf,step2-supplier,13,13,0.04008740087400874,0.04008740087400874,0.040087400960165165,2.1492144762654292e-07,-3.1576185829332344
q21,13,step3-join-nation-supplier--mergebf,step5-lineitem-l1,103,103,0.04009126715879254,1.0,0.9999999999917002,-8.299805287492745e-10,-8.299839627699228e-10
q21,13,step4-orders--mergebf,step9-lineitem-l2,115,115,0.04246469295028072,0.4845209858846714,0.04291998417681403,-91.14176982479968,-91.15330907319621
q21,14,step1-nation--mergebf,step2-supplier,13,13,0.04008740087400874,0.04008740087400874,0.040087400960165165,2.1492144762654292e-07,-3.1576185829332344
q21,14,step3-join-nation-supplier--mergebf,step5-lineitem-l1,103,103,0.04009126715879254,1.0,0.9999999999917002,-8.299805287492745e-10,-8.299839627699228e-10
q21,14,step4-orders--mergebf,step9-lineitem-l2,115,115,0.04246469295028072,0.4845209858846714,0.04291998417681403,-91.14176982479968,-91.1533103506071
q21,15,step1-nation--mergebf,step2-supplier,13,13,0.04008740087400874,0.04008740087400874,0.040087400960165165,2.1492144762654292e-07,-3.1576185829332344
q21,15,step3-join-nation-supplier--mergebf,step5-lineitem-l1,103,103,0.04009126715879254,1.0,0.9999999999917002,-8.299805287492745e-10,-8.299839627699228e-10
q21,15,step4-orders--mergebf,step9-lineitem-l2,115,115,0.04246469295028072,0.4845209858846714,0.04291998417681403,-91.14176982479968,-91.15331055649014
