query,bf,k,m_bits,n,sigma,phi_meas,phi_model
q2,step1-region--mergebf,10,96,1,0.2,0.6,0.20000000007180357
q2,step2-nation--mergebf,10,224,15,,1.0,1.0
q2,step3-join-region-nation--mergebf,10,160,5,0.2004,0.1998879988799888,0.20043448196432959
q2,step4-supplier--mergebf,10,3200544,199886,,1.0,1.0
q2,step5-part--mergebf,10,1271136,79806,0.00399,0.00447905055988132,0.0044738866787288585
q3,Step1-customer--mergebf,10,47928672,2999150,0.2001,0.20052508329864718,0.2005236995557071
q3,Step3-join-customer-orders--mergebf,10,83344096,14560509,0.009243,0.15529431076597655,0.15520631521911063
q4,step1-orders--mergebf,10,91587680,5550637,0.037,0.03736270581400573,0.03736102154632547
q5,step1-region--mergebf,10,96,1,0.2,0.2,0.20000000007180357
q5,step3-join-region-nation--mergebf,10,160,5,0.1997;0.1997,0.039976781986741344,0.03988244671022759
q7,step1-nation--mergebf,10,96,2,0.08027;0.08027,0.006417751913577626,0.006443232440577224
q8,step1-region--mergebf,10,96,1,0.2,0.2,0.20000000007180357
q8,step3-join-region-nation--mergebf,10,160,5,0.2,0.1999839333226222,0.1999839333226222
q8,step5-part--mergebf,10,2145312,132962,0.006648,0.0070861558189728455,0.007087667531550086
q9,step1-part--mergebf,10,17362784,1087084,0.4076;0.05434,0.0030025565617251278,0.022348462130128078
q10,step1-orders--mergebf,10,53197152,5549731,0.37,0.28553219035479355,0.3781667888685397
q10,step3-join-orders-customer--mergebf,10,12221024,5549725,0.07496,0.9060775488112632,0.9059780620987716
q11,step1-nation--mergebf,10,96,1,0.04013,0.08040980409804098,0.04013440143016564
q11,step2-supplier--mergebf,10,1281184,80409,,1.0,1.0
q11,step3-join-nation-supplier--mergebf,10,639584,40134,0.04013,0.04057700507212563,0.040598282134351515
q12,step1-lineitem--mergebf,10,46699808,3118794,0.02079,0.019972594664839645,0.02152953219220451
q14,step1-lineitem--mergebf,10,42062880,6982932,0.3491,0.33712146856073427,0.4281613151036969
q15,step1-lineitem--mergebf,10,15168992,22686499,1,1.0,1.0
q16,step1-part--mergebf,10,47485024,2970511,0.1485,0.1489169686146211,0.14892927026354513
q17,step1-part--mergebf,10,320032,19839,0.0009898,0.0014378258631706545,0.0014324654088961387
q18,step2-filter-large-orders--mergebf,10,862688,732,4.88e-06;8.539e-06,4.1778364342430746e-11,4.167257101657861e-11
q19,step1-part--mergebf,10,769248,47786,0.0007905,0.0028600616713732323,0.0012399245843048483
q20,step1-nation--mergebf,10,96,1,0.04,0.03999739997399974,0.03999740006016424
q20,step2-supplier--mergebf,10,1283872,39997,,1.0,1.0
q20,step4-part--mergebf,10,3471776,216947,0.01084;0.01085,0.00012786569616874584,0.00012786569616874584
q20,step8-join-excess--mergebf,10,143840,616673,,1.0,1.0
q21,step1-nation--mergebf,10,96,1,0.04,0.03999739997399974,0.03999740006016424
q21,step3-join-nation-supplier--mergebf,10,14432,39997,0.03999,1.0,0.9999999999911654
q21,step4-orders--mergebf,10,1167273376,73072499,0.04236,0.4845209858846714,0.04281322834608489
