query,n_bf,T_no_bf_s,C_no_bf_usd,T_default_s,C_default_usd,T_bf_build_s,C_bf_build_usd,T_saving_net_s,C_saving_net_usd,T_saving_gross_s,C_saving_gross_usd,T_knee_s,C_knee_usd
q2,5,7.018535783473258,0.004780304405280658,4.466115531923481,0.001591645600056846,0.7204661262949201,0.00028235189451618234,2.552420251549777,0.0031886588052238117,3.2728863778446975,0.003471010699739994,3.9929300442442313,0.0016098193873245572
q3,2,16.782582405010686,0.04216293316005316,15.073326965403604,0.01761623238486005,2.8279584517874206,0.0026211891153427496,1.709255439607082,0.02454670077519311,4.537213891394503,0.027167889890535857,12.22137943888292,0.016133371115694666
q4,1,5.80622381559187,0.006433249573559281,7.515181433697716,0.005898048995002712,2.6780249805715073,0.0020369621306993565,-1.7089576181058463,0.0005352005785565694,0.9690673624656609,0.002572162709255926,5.5440167707251975,0.0065990437945317275
q5,2,36.21739950866142,0.13235028272889385,23.82925057460882,0.06460996772323868,0.27183603221832475,5.8031630267403006e-05,12.388148934052602,0.06774031500565517,12.659984966270926,0.06779834663592257,24.23978436509751,0.06146140221995526
q7,1,48.146564285924455,0.2354822320513044,19.738922884736446,0.04542718616221938,0.21630670888458675,5.598120028344885e-05,28.40764140118801,0.190055045889085,28.623948110072597,0.19011102708936845,18.79584409866136,0.03546254715860821
q8,3,76.33990327793497,0.3535101905304434,16.57932186660242,0.02266524225877004,1.3461375017671422,0.0020684409047912215,59.760581411332545,0.3308449482716734,61.106718913099684,0.3329133891764646,12.329534276138235,0.019538461255095865
q9,1,54.20811287302909,0.18062415240893723,33.554784435111635,0.07862139734162138,1.624397787081615,0.002309014425379468,20.65332843791745,0.10200275506731585,22.277726224999068,0.10431176949269531,28.89584491763963,0.07370902245414541
q10,2,24.069781288286663,0.06630066788242583,22.567408865669808,0.050805966822216414,1.783119140600057,0.0021100597268525366,1.5023724226168547,0.01549470106020942,3.2854915632169117,0.017604760787061958,19.153982028880257,0.050353020776248765
q11,3,6.722749675871568,0.005322774245005092,6.334435226560672,0.0016037295695290619,0.5908079011884059,0.0002775733453524397,0.3883144493108963,0.0037190446754760305,0.9791223504993022,0.00399661802082847,3.6000812486020397,0.0020979427462360497
q12,1,7.3979824683373,0.011505557698098022,6.938273577914526,0.007935650609507856,1.1455865941012788,0.0005183709181974059,0.45970889042277463,0.0035699070885901654,1.6052954845240535,0.004088278006787571,5.051749188797622,0.005665190762421964
q13,0,11.85074642379086,0.014222526949294106,11.85074642379086,0.014222526949294106,0.0,0.0,0.0,0.0,0.0,0.0,11.85074642379086,0.014222526949294106
q14,1,10.895903990743124,0.01163784341499424,11.095235464174324,0.011249211004600556,0.6616875199280388,9.712603925208745e-05,-0.19933147343120083,0.0003886324103936842,0.4623560464968379,0.00048575844964577166,6.773190435299723,0.008803787061045431
q15,1,14.007765217891603,0.01160749667892136,14.553409108495776,0.01169147513919146,0.5460891000434299,8.396393388402958e-05,-0.5456438906041736,-8.397846027009999e-05,0.00044520943925629997,-1.4526386070409856e-08,8.26448861806908,0.00859045765736313
q16,1,7.73123711223012,0.005835160659328885,7.4075374720070695,0.0023911845832142904,0.7816523903901661,0.0002846457905825704,0.3236996402230501,0.0034439760761145943,1.1053520306132163,0.0037286218666971647,6.382376433065702,0.002607012520772902
q17,1,19.599450530628886,0.04567316006672783,8.613252854673293,0.011839959925349303,1.2596659857097612,0.0020072100555235156,10.986197675955593,0.03383320014137853,12.245863661665354,0.035840410196902046,7.564772214822897,0.008514756001624988
q18,1,14.394949715651716,0.044667655650435546,10.71780692591588,0.01981201992387548,1.823860974627936,0.0025106602532835973,3.6771427897358357,0.024855635726560067,5.501003764363771,0.027366295979843663,12.11258573809942,0.014319814339348704
q19,1,7.313612657417295,0.011456702107167078,7.695060785913392,0.012970934747670988,1.2627882235169363,0.0020076399952817306,-0.3814481284960971,-0.0015142326405039094,0.8813400950208392,0.0004934073547778212,5.402322762852109,0.007989995457173054
q20,4,30.839898282676945,0.06209902776765707,11.518341047086952,0.013865151451145537,1.9303877564633778,0.0022899807593651463,19.321557235589992,0.048233876316511534,21.25194499205337,0.05052385707587668,9.90902744212021,0.010301111585417008
q21,3,42.88935671920968,0.13228737539630564,43.09121272459478,0.12144565986788244,5.386046736098289,0.004869111369792094,-0.2018560053851033,0.010841715528423196,5.184190730713186,0.01571082689821529,34.09922291470866,0.09978655464906648
