query,stage,p_meas,p_sim
q2,step1-region,1,1
q2,step1-region--combine,1,1
q2,step2-nation,1,1
q2,step2-nation--combine,1,1
q2,step3-join-region-nation,1,1
q2,step3-join-region-nation--combine,1,1
q2,step4-supplier,10,10
q2,step4-supplier--combine,1,1
q2,step5-part,10,10
q2,step5-part--combine,1,1
q2,step6-partsupp,20,20
q2,step6-partsupp--combine,1,1
q2,step7-join-part-partsupp,1,1
q2,step7-join-part-partsupp--combine,1,1
q2,step8-join-supplier,1,1
q2,step8-join-supplier--combine,1,1
q2,step9-join-nation,1,1
q2,step9-join-nation--combine,1,1
q2,step10-min-supplycost,1,1
q2,step10-min-supplycost--reduce,1,1
q2,step11-join-min,1,1
q2,step11-join-min--combine,1,1
q2,step12-agg,1,1
q3,Step1-customer,10,10
q3,Step1-customer--combine,1,1
q3,Step2-orders,40,40
q3,Step2-orders--combine,4,4
q3,Step3-join-customer-orders,4,4
q3,Step3-join-customer-orders--combine,3,2
q3,Step4-lineitem,100,100
q3,Step4-lineitem--combine,8,8
q3,Step5-join,24,24
q3,Step5-join--combine,1,1
q3,Step6-agg,1,1
q4,step1-orders,20,20
q4,step1-orders--combine-and-make-bf,1,1
q4,step2-lineitem,30,30
q4,step2-lineitem--combine,1,1
q4,step3-join,1,1
q4,step3-join--combine,1,1
q4,step4-agg,1,1
q5,step1-region,1,1
q5,step1-region--combine,1,1
q5,step2-nation,1,1
q5,step2-nation--combine,1,1
q5,step3-join-region-nation,1,1
q5,step3-join-region-nation--combine,1,1
q5,step4-supplier,10,10
q5,step4-supplier--combine,1,1
q5,step5-customer,10,10
q5,step5-customer--combine,1,1
q5,step6-orders,30,30
q5,step6-orders--combine,5,5
q5,step7-lineitem,190,190
q5,step7-lineitem--combine,190,190
q5,step8-join-customer-orders,5,5
q5,step8-join-customer-orders--combine,1,1
q5,step9-join-orders-lineitem,190,190
q5,step9-join-orders-lineitem--combine,4,4
q5,step10-join-supplier,4,4
q5,step10-join-supplier--combine,1,1
q5,step11-join-nation,1,1
q5,step11-join-nation--combine,1,1
q5,step12-agg,1,1
q7,step1-nation,1,1
q7,step1-nation--combine,1,1
q7,step2-supplier,10,10
q7,step2-supplier--combine,1,1
q7,step3-customer,10,10
q7,step3-customer--combine,1,1
q7,step4-orders,30,30
q7,step4-orders--combine,30,30
q7,step5-lineitem,190,190
q7,step5-lineitem--combine,51,48
q7,step6-join-customer-orders,30,30
q7,step6-join-customer-orders--combine,2,2
q7,step7-join-lineitem,102,102
q7,step7-join-lineitem--combine,4,4
q7,step8-join-supplier,4,4
q7,step8-join-supplier--combine,1,1
q7,step9-join-nation-supplier,1,1
q7,step9-join-nation-supplier--combine,1,1
q7,step10-join-nation-customer,1,1
q7,step10-join-nation-customer--combine,1,1
q7,step11-agg,1,1
q8,step1-region,1,1
q8,step1-region--combine,1,1
q8,step2-nation,1,1
q8,step2-nation--combine,1,1
q8,step3-join-region-nation,1,1
q8,step3-join-region-nation--combine,1,1
q8,step4-customer,10,10
q8,step4-customer--combine,1,1
q8,step5-part,10,10
q8,step5-part--combine,1,1
q8,step6-orders,40,40
q8,step6-orders--combine,11,10
q8,step7-lineitem,290,290
q8,step7-lineitem--combine,2,2
q8,step8-supplier,10,10
q8,step8-supplier--combine,1,1
q8,step9-nation2,1,1
q8,step9-nation2--combine,1,1
q8,step10-join-customer-orders,11,11
q8,step10-join-customer-orders--combine,1,1
q8,step11-join-lineitem,2,2
q8,step11-join-lineitem--combine,1,1
q8,step12-join-part,1,1
q8,step12-join-part--combine,1,1
q8,step13-join-supplier,1,1
q8,step13-join-supplier--combine,1,1
q8,step14-join-nation2,1,1
q8,step14-join-nation2--combine,1,1
q8,step15-agg,1,1
q9,step1-part,10,10
q9,step1-part--combine,1,1
q9,step2-partsupp,20,20
q9,step2-partsupp--combine,1,1
q9,step3-lineitem,290,290
q9,step3-lineitem--combine,14,14
q9,step4-supplier,10,10
q9,step4-supplier--combine,1,1
q9,step5-orders,20,20
q9,step5-orders--combine,20,20
q9,step6-nation,1,1
q9,step6-nation--combine,1,1
q9,step7-join-lineitem-part,14,14
q9,step7-join-lineitem-part--combine,14,14
q9,step8-join-partsupp,14,14
q9,step8-join-partsupp--combine,14,14
q9,step9-join-supplier,14,14
q9,step9-join-supplier--combine,13,14
q9,step10-join-orders,260,260
q9,step10-join-orders--combine,10,9
q9,step11-join-nation,10,10
q9,step11-join-nation--combine,10,10
q9,step12-agg,10,10
q10,step1-orders,30,30
q10,step1-orders--combine,2,2
q10,step2-customer,20,20
q10,step2-customer--combine,8,10
q10,step3-join-orders-customer,16,16
q10,step3-join-orders-customer--combine,8,16
q10,step4-lineitem,100,100
q10,step4-lineitem--combine,24,25
q10,step5-nation,1,1
q10,step5-nation--combine,1,1
q10,step6-join-customer-orders-lineitem,192,192
q10,step6-join-customer-orders-lineitem--combine,12,12
q10,step7-join-nation,12,12
q10,step7-join-nation--combine,12,12
q11,step1-nation,1,1
q11,step1-nation--combine,1,1
q11,step2-supplier,10,10
q11,step2-supplier--combine,1,1
q11,step3-join-nation-supplier,1,1
q11,step3-join-nation-supplier--combine,1,1
q11,step4-partsupp,20,20
q11,step4-partsupp--combine,1,1
q11,step5-join-supplier-partsupp,1,1
q11,step5-join-supplier-partsupp--combine,1,1
q11,step6-agg-partkey,1,1
q11,step7-total-value,1,1
q11,step8-join-having,1,1
q11,step8-join-having--combine,1,1
q11,step9-agg,1,1
q12,step1-lineitem,100,100
q12,step1-lineitem--combine-make-bf,1,1
q12,step2-orders,20,20
q12,step2-orders--combine,1,1
q12,step3-join,1,1
q12,step3-join--combine,1,1
q12,step4-agg,1,1
q13,step1-customer,10,10
q13,step1-customer--combine,2,2
q13,step2-orders,30,30
q13,step2-orders--combine,30,30
q13,step3-agg-orders-per-customer,30,30
q13,step3-agg-orders-per-customer--combine,15,15
q13,step4-join-customer-ordercount,30,30
q13,step4-join-customer-ordercount--combine,1,1
q13,step5-agg,1,1
q14,step1-lineitem,150,150
q14,step1-lineitem--combine-make-bf,2,2
q14,step2-part,10,10
q14,step1-part--combine,1,1
q14,step3-join,2,2
q14,step3-join--combine,1,1
q14,step4-agg,1,1
q15,step1-lineitem,150,150
q15,step1-lineitem--combine,5,5
q15,step2-revenue-per-supplier,5,5
q15,step2-revenue-per-supplier--reduce,2,2
q15,step3-max-revenue,1,1
q15,step3-max-revenue--reduce,1,1
q15,step4-supplier,10,10
q15,step4-supplier--combine,1,1
q15,step5-join-supplier-revenue,1,1
q15,step5-join-supplier-revenue--combine,1,1
q15,step6-join-max,1,1
q15,step6-join-max--combine,1,1
q15,step7-agg,1,1
q16,step1-part,10,10
q16,step1-part--combine,1,1
q16,step2-supplier-complaints,10,10
q16,step2-supplier-complaints--combine,1,1
q16,step3-partsupp,20,20
q16,step3-partsupp--combine,2,2
q16,step4-filter-complaint-supplier,2,2
q16,step4-filter-complaint-supplier--combine,2,2
q16,step5-join-part-partsupp,2,2
q16,step5-join-part-partsupp--combine,2,2
q16,step6-agg,2,2
q16,step6-agg--reduce,1,1
q17,step1-part,10,10
q17,step1-part--combine,1,1
q17,step2-lineitem,150,150
q17,step2-lineitem--combine,1,1
q17,step3-join-lineitem-part,1,1
q17,step3-join-lineitem-part--combine,1,1
q17,step4-avg-quantity,1,1
q17,step4-avg-quantity--combine,1,1
q17,step5-join-filter-quantity,1,1
q17,step5-join-filter-quantity--combine,1,1
q17,step6-agg,1,1
q18,step1-lineitem-agg,40,40
q18,step1-lineitem-agg--combine,36,40
q18,step2-filter-large-orders,35,36
q18,step3-orders,70,70
q18,step3-orders--combine,1,1
q18,step4-customer,10,10
q18,step4-customer--combine,4,4
q18,step5-lineitem,40,40
q18,step5-lineitem--combine,1,1
q18,step6-join-orders-filter,1,1
q18,step6-join-orders-filter--combine,1,1
q18,step7-join-customer-orders,4,4
q18,step7-join-customer-orders--combine,1,1
q18,step8-join-lineitem,1,1
q18,step8-join-lineitem--combine,1,1
q18,step9-agg,1,1
q19,step1-part,10,10
q19,step1-part--combine-make-bf,1,1
q19,step2-lineitem,150,150
q19,step2-lineitem--combine,1,1
q19,step3-join,1,1
q19,step3-join--combine,1,1
q19,step6-agg,1,1
q20,step1-nation,1,1
q20,step1-nation--combine,1,1
q20,step2-supplier,10,10
q20,step2-supplier--combine,1,1
q20,step3-join-nation-supplier,1,1
q20,step3-join-nation-supplier--combine,1,1
q20,step4-part,10,10
q20,step4-part--combine,1,1
q20,step5-lineitem,150,150
q20,step5-lineitem--combine,1,1
q20,step6-agg-qty,1,1
q20,step6-agg-qty--reduce-1,1,1
q20,step6-agg-qty--reduce-2,1,1
q20,step6-agg-qty--reduce-3,1,1
q20,step7-partsupp,20,20
q20,step7-partsupp--combine,1,1
q20,step8-join-excess,1,1
q20,step8-join-excess--combine,1,1
q20,step9-join-supplier-excess,1,1
q20,step9-join-supplier-excess--combine,1,1
q20,step10-agg,1,1
q21,step1-nation,1,1
q21,step1-nation--combine,1,1
q21,step2-supplier,10,10
q21,step2-supplier--combine,1,1
q21,step3-join-nation-supplier,1,1
q21,step3-join-nation-supplier--combine,1,1
q21,step4-orders,20,20
q21,step4-orders--combine,7,7
q21,step5-lineitem-l1,100,100
q21,step5-lineitem-l1--combine,91,100
q21,step6-join-orders-l1,637,637
q21,step6-join-orders-l1--combine,30,26
q21,step7-join-supplier-l1,30,30
q21,step7-join-supplier-l1--combine,3,3
q21,step8-late-per-order,3,3
q21,step9-lineitem-l2,100,100
q21,step9-lineitem-l2--combine,46,50
q21,step10-all-suppliers-per-order,46,46
q21,step11-filter-orders,14,21
q21,step11-filter-orders--combine,1,1
q21,step12-agg,1,1
